Method,id,Region,Country,Population_ID,Africa (West),Africa (South),Africa (East),Africa (North),Middle East,Ashkenazi,Italy,Europe (South East),Europe (North East),Finland,Scandinavia,United Kingdom,Ireland,Europe (South West),South America,Sri Lanka,Pakistan,Bangladesh,Asia (East),Japan,Philippines
snp_ancestry_summary,1,Africa,Algeria,Mozabite,1.5,0,0,98.5,0,0,0,0,0,0,0,0,0,0,0,0,0,0,0,0,0
admixture,1,Africa,Algeria,Mozabite,3.5,0,0,96.5,0,0,0,0,0,0,0,0,0,0,0,0,0,0,0,0,0
snp_ancestry_summary,2,Africa,Algeria,Mozabite,10.8,0.1,0,89.1,0,0,0,0,0,0,0,0,0,0,0,0,0,0,0,0,0
admixture,2,Africa,Algeria,Mozabite,12.7,1,0,86.3,0,0,0,0,0,0,0,0,0,0,0,0,0,0,0,0,0
snp_ancestry_summary,3,Africa,Western Sahara (Morocco),Saharawi,1.2,0,0,98.8,0,0,0,0,0,0,0,0,0,0,0,0,0,0,0,0,0
admixture,3,Africa,Western Sahara (Morocco),Saharawi,4.2,0,0,95.8,0,0,0,0,0,0,0,0,0,0,0,0,0,0,0,0,0
snp_ancestry_summary,4,Africa,Western Sahara (Morocco),Saharawi,3.2,0,0,96.8,0,0,0,0,0,0,0,0,0,0,0,0,0,0,0,0,0
admixture,4,Africa,Western Sahara (Morocco),Saharawi,6.4,0,0,93.6,0,0,0,0,0,0,0,0,0,0,0,0,0,0,0,0,0
snp_ancestry_summary,5,Africa,BotswanaOrNamibia,BantuHerero,22.4,77.6,0,0,0,0,0,0,0,0,0,0,0,0,0,0,0,0,0,0,0
admixture,5,Africa,BotswanaOrNamibia,BantuHerero,35.5,64.4,0,0,0,0,0,0,0,0,0,0,0,0,0,0,0,0,0,0,0
snp_ancestry_summary,6,Africa,BotswanaOrNamibia,BantuHerero,23.5,76.5,0,0,0,0,0,0,0,0,0,0,0,0,0,0,0,0,0,0,0
admixture,6,Africa,BotswanaOrNamibia,BantuHerero,34.7,65.3,0,0,0,0,0,0,0,0,0,0,0,0,0,0,0,0,0,0,0
snp_ancestry_summary,7,Africa,BotswanaOrNamibia,BantuTswana,0,100,0,0,0,0,0,0,0,0,0,0,0,0,0,0,0,0,0,0,0
admixture,7,Africa,BotswanaOrNamibia,BantuTswana,1.7,98.3,0,0,0,0,0,0,0,0,0,0,0,0,0,0,0,0,0,0,0
snp_ancestry_summary,8,Africa,BotswanaOrNamibia,BantuTswana,0,100,0,0,0,0,0,0,0,0,0,0,0,0,0,0,0,0,0,0,0
admixture,8,Africa,BotswanaOrNamibia,BantuTswana,0,100,0,0,0,0,0,0,0,0,0,0,0,0,0,0,0,0,0,0,0
snp_ancestry_summary,9,Africa,Cameroon,Mada,58.3,26.9,14.8,0,0,0,0,0,0,0,0,0,0,0,0,0,0,0,0,0,0
admixture,9,Africa,Cameroon,Mada,63.7,27.8,8.4,0,0,0,0,0,0,0,0,0,0,0,0,0,0,0,0,0,0
snp_ancestry_summary,10,Africa,Cameroon,Mada,61.5,23,15.6,0,0,0,0,0,0,0,0,0,0,0,0,0,0,0,0,0,0
admixture,10,Africa,Cameroon,Mada,68.3,23.5,8.1,0,0,0,0,0,0,0,0,0,0,0,0,0,0,0,0,0,0
snp_ancestry_summary,11,Africa,Cameroon,Bedzan,21.1,78.9,0,0,0,0,0,0,0,0,0,0,0,0,0,0,0,0,0,0,0
admixture,11,Africa,Cameroon,Bedzan,33.4,66.6,0,0,0,0,0,0,0,0,0,0,0,0,0,0,0,0,0,0,0
snp_ancestry_summary,12,Africa,Cameroon,Tikar_South,52.2,47.8,0,0,0,0,0,0,0,0,0,0,0,0,0,0,0,0,0,0,0
admixture,12,Africa,Cameroon,Tikar_South,60.1,39.8,0,0,0,0,0,0,0,0,0,0,0,0,0,0,0,0,0,0,0
snp_ancestry_summary,13,Africa,Cameroon,Tikar_South,56.1,43.9,0,0,0,0,0,0,0,0,0,0,0,0,0,0,0,0,0,0,0
admixture,13,Africa,Cameroon,Tikar_South,59.1,40.9,0,0,0,0,0,0,0,0,0,0,0,0,0,0,0,0,0,0,0
snp_ancestry_summary,14,Africa,Cameroon,Ngumba,46.1,53.9,0,0,0,0,0,0,0,0,0,0,0,0,0,0,0,0,0,0,0
admixture,14,Africa,Cameroon,Ngumba,52.2,47.8,0,0,0,0,0,0,0,0,0,0,0,0,0,0,0,0,0,0,0
snp_ancestry_summary,15,Africa,Cameroon,Ngumba,44.6,55.4,0,0,0,0,0,0,0,0,0,0,0,0,0,0,0,0,0,0,0
admixture,15,Africa,Cameroon,Ngumba,49.5,50.5,0,0,0,0,0,0,0,0,0,0,0,0,0,0,0,0,0,0,0
snp_ancestry_summary,16,Africa,Cameroon,Baka,14.6,85.4,0,0,0,0,0,0,0,0,0,0,0,0,0,0,0,0,0,0,0
admixture,16,Africa,Cameroon,Baka,30.9,68.9,0,0,0,0,0,0,0,0,0,0,0,0,0,0,0,0,0,0,0.2
snp_ancestry_summary,17,Africa,Cameroon,Fulani,57.4,0,1.2,41.4,0,0,0,0,0,0,0,0,0,0,0,0,0,0,0,0,0
admixture,17,Africa,Cameroon,Fulani,58.9,0,5.1,36.1,0,0,0,0,0,0,0,0,0,0,0,0,0,0,0,0,0
snp_ancestry_summary,18,Africa,Cameroon,Fulani,56.8,1.9,0,41.3,0,0,0,0,0,0,0,0,0,0,0,0,0,0,0,0,0
admixture,18,Africa,Cameroon,Fulani,55.2,5.5,1.4,37.9,0,0,0,0,0,0,0,0,0,0,0,0,0,0,0,0,0
snp_ancestry_summary,19,Africa,Cameroon,Lemande,47.8,52.2,0,0,0,0,0,0,0,0,0,0,0,0,0,0,0,0,0,0,0
admixture,19,Africa,Cameroon,Lemande,55.9,44.1,0,0,0,0,0,0,0,0,0,0,0,0,0,0,0,0,0,0,0
snp_ancestry_summary,20,Africa,Cameroon,Lemande,49.6,50.4,0,0,0,0,0,0,0,0,0,0,0,0,0,0,0,0,0,0,0
admixture,20,Africa,Cameroon,Lemande,56.9,43.1,0,0,0,0,0,0,0,0,0,0,0,0,0,0,0,0,0,0,0
snp_ancestry_summary,21,Africa,Cameroon,Baka,13.6,86.4,0,0,0,0,0,0,0,0,0,0,0,0,0,0,0,0,0,0,0
admixture,21,Africa,Cameroon,Baka,29.1,70.6,0,0,0,0,0,0,0,0,0,0,0,0,0,0,0,0,0,0,0.3
snp_ancestry_summary,22,Africa,Cameroon,Bakola,10.9,89.1,0,0,0,0,0,0,0,0,0,0,0,0,0,0,0,0,0,0,0
admixture,22,Africa,Cameroon,Bakola,30.8,69,0,0,0,0,0,0,0,0,0,0,0,0,0,0,0,0,0,0,0.2
snp_ancestry_summary,23,Africa,Cameroon,Bakola,5.2,94.8,0,0,0,0,0,0,0,0,0,0,0,0,0,0,0,0,0,0,0
admixture,23,Africa,Cameroon,Bakola,26.2,73.8,0,0,0,0,0,0,0,0,0,0,0,0,0,0,0,0,0,0,0
snp_ancestry_summary,24,Africa,Cameroon,Bedzan,10.8,89.2,0,0,0,0,0,0,0,0,0,0,0,0,0,0,0,0,0,0,0
admixture,24,Africa,Cameroon,Bedzan,27.6,72.1,0,0,0,0,0,0,0,0,0,0,0,0,0,0,0,0,0,0,0.3
snp_ancestry_summary,25,Africa,Central African Republic,Biaka,6.8,93.2,0,0,0,0,0,0,0,0,0,0,0,0,0,0,0,0,0,0,0
admixture,25,Africa,Central African Republic,Biaka,27.1,72.8,0,0,0,0,0,0,0,0,0,0,0,0,0,0,0,0,0,0,0.1
snp_ancestry_summary,26,Africa,Central African Republic,Biaka,9.7,90.3,0,0,0,0,0,0,0,0,0,0,0,0,0,0,0,0,0,0,0
admixture,26,Africa,Central African Republic,Biaka,28.1,71.9,0,0,0,0,0,0,0,0,0,0,0,0,0,0,0,0,0,0,0
snp_ancestry_summary,27,Africa,CentralAfricanRepublic,Kaba,72.3,23.7,3.9,0,0,0,0,0,0,0,0,0,0,0,0,0,0,0,0,0,0
admixture,27,Africa,CentralAfricanRepublic,Kaba,77.9,22.1,0,0,0,0,0,0,0,0,0,0,0,0,0,0,0,0,0,0,0
snp_ancestry_summary,28,Africa,CentralAfricanRepublic,Kaba,71.9,24.7,3.4,0,0,0,0,0,0,0,0,0,0,0,0,0,0,0,0,0,0
admixture,28,Africa,CentralAfricanRepublic,Kaba,74.2,25.8,0,0,0,0,0,0,0,0,0,0,0,0,0,0,0,0,0,0,0
snp_ancestry_summary,29,Africa,Chad,Bulala,43.9,25.9,30.2,0,0,0,0,0,0,0,0,0,0,0,0,0,0,0,0,0,0
admixture,29,Africa,Chad,Bulala,52.6,24.4,23,0,0,0,0,0,0,0,0,0,0,0,0,0,0,0,0,0,0
snp_ancestry_summary,30,Africa,Chad,Bulala,41.7,17,41.3,0,0,0,0,0,0,0,0,0,0,0,0,0,0,0,0,0,0
admixture,30,Africa,Chad,Bulala,44,18.4,37.6,0,0,0,0,0,0,0,0,0,0,0,0,0,0,0,0,0,0
snp_ancestry_summary,31,Africa,Chad,Laka,68.7,27.4,3.9,0,0,0,0,0,0,0,0,0,0,0,0,0,0,0,0,0,0
admixture,31,Africa,Chad,Laka,70.1,29.9,0,0,0,0,0,0,0,0,0,0,0,0,0,0,0,0,0,0,0
snp_ancestry_summary,32,Africa,Chad,Laka,76.9,19.7,3.4,0,0,0,0,0,0,0,0,0,0,0,0,0,0,0,0,0,0
admixture,32,Africa,Chad,Laka,80.2,19.7,0,0,0,0,0,0,0,0,0,0,0,0,0,0,0,0,0,0,0
snp_ancestry_summary,33,Africa,Congo,Mbuti,0,98,2,0,0,0,0,0,0,0,0,0,0,0,0,0,0,0,0,0,0
admixture,33,Africa,Congo,Mbuti,12.7,85.1,0.7,0,0,0,0,0,0,0,0,0,0,0,0,0,0,0,0,1.5,0
snp_ancestry_summary,34,Africa,Congo,Mbuti,0,99.1,0.4,0,0,0,0,0,0,0,0,0,0,0,0,0,0,0,0.1,0.3,0
admixture,34,Africa,Congo,Mbuti,12.7,85.1,0.5,0,0,0,0,0,0,0,0,0,0,0,0,0,0,0,1,0.5,0.1
snp_ancestry_summary,35,Africa,Congo,Kongo,30.2,69.8,0,0,0,0,0,0,0,0,0,0,0,0,0,0,0,0,0,0,0
admixture,35,Africa,Congo,Kongo,44.6,55.4,0,0,0,0,0,0,0,0,0,0,0,0,0,0,0,0,0,0,0
snp_ancestry_summary,36,Africa,Congo,Mbuti,0,97.6,2.4,0,0,0,0,0,0,0,0,0,0,0,0,0,0,0,0,0,0
admixture,36,Africa,Congo,Mbuti,12.4,85.4,0.6,0,0,0,0,0,0,0,0,0,0,0,0,0,0,0.2,0,0.7,0.7
snp_ancestry_summary,37,Africa,Ethiopia,Mursi,17.8,38.8,43.4,0,0,0,0,0,0,0,0,0,0,0,0,0,0,0,0,0,0
admixture,37,Africa,Ethiopia,Mursi,33,31.3,35.6,0,0,0,0,0,0,0,0,0,0,0,0,0,0,0,0,0,0
snp_ancestry_summary,38,Africa,Ethiopia,Mursi,14.4,43.2,42.4,0,0,0,0,0,0,0,0,0,0,0,0,0,0,0,0,0,0
admixture,38,Africa,Ethiopia,Mursi,29.8,35.9,34.2,0,0,0,0,0,0,0,0,0,0,0,0,0,0,0,0,0,0
snp_ancestry_summary,39,Africa,Ethiopia,Aari,0,37,63,0,0,0,0,0,0,0,0,0,0,0,0,0,0,0,0,0,0
admixture,39,Africa,Ethiopia,Aari,11.8,30.2,56.8,0,0,0,0,0,0,0,0,0,0,0,0,0,0,0,0.9,0.3,0
snp_ancestry_summary,40,Africa,Ethiopia,Aari,0,36,64,0,0,0,0,0,0,0,0,0,0,0,0,0,0,0,0,0,0
admixture,40,Africa,Ethiopia,Aari,11.3,30.4,57.1,0,0,0,0,0,0,0,0,0,0,0,0,0,0,0,0.5,0.3,0.4
snp_ancestry_summary,41,Africa,Ethiopia,Agaw,0,0,92.3,7.7,0,0,0,0,0,0,0,0,0,0,0,0,0,0,0,0,0
admixture,41,Africa,Ethiopia,Agaw,0,4.7,85.1,10.1,0,0,0,0,0,0,0,0,0,0,0,0,0,0,0,0,0
snp_ancestry_summary,42,Africa,Ethiopia,Agaw,0,0.6,89.3,10.1,0,0,0,0,0,0,0,0,0,0,0,0,0,0,0,0,0
admixture,42,Africa,Ethiopia,Agaw,0.4,4.4,84.4,9.9,0.8,0,0,0,0,0,0,0,0,0,0,0,0,0,0,0.1,0
snp_ancestry_summary,43,Africa,Ethiopia,Amhara,0,11,89,0,0,0,0,0,0,0,0,0,0,0,0,0,0,0,0,0,0
admixture,43,Africa,Ethiopia,Amhara,3.2,11.8,83.6,1.1,0,0,0,0,0,0,0,0,0,0,0,0,0,0,0,0.4,0
snp_ancestry_summary,44,Africa,Ethiopia,Amhara,0,0,90.8,9.2,0,0,0,0,0,0,0,0,0,0,0,0,0,0,0,0,0
admixture,44,Africa,Ethiopia,Amhara,0,2.9,85.3,11.1,0.5,0,0,0,0,0,0,0,0,0,0,0,0,0,0.2,0,0
snp_ancestry_summary,45,Africa,Gambia,Gambian,98.8,0.2,1,0,0,0,0,0,0,0,0,0,0,0,0,0,0,0,0,0,0
admixture,45,Africa,Gambia,Gambian,93.7,6.3,0,0,0,0,0,0,0,0,0,0,0,0,0,0,0,0,0,0,0
snp_ancestry_summary,46,Africa,Gambia,Gambian,92.8,0,4.1,3.1,0,0,0,0,0,0,0,0,0,0,0,0,0,0,0,0,0
admixture,46,Africa,Gambia,Gambian,91.6,3,2.1,3.3,0,0,0,0,0,0,0,0,0,0,0,0,0,0,0,0,0
snp_ancestry_summary,47,Africa,Kenya,BantuKenya,0,95.4,4.6,0,0,0,0,0,0,0,0,0,0,0,0,0,0,0,0,0,0
admixture,47,Africa,Kenya,BantuKenya,14,84.9,1.1,0,0,0,0,0,0,0,0,0,0,0,0,0,0,0,0,0,0
snp_ancestry_summary,48,Africa,Kenya,Somali,7.3,0,92.7,0,0,0,0,0,0,0,0,0,0,0,0,0,0,0,0,0,0
admixture,48,Africa,Kenya,Somali,7.7,5.3,87,0,0,0,0,0,0,0,0,0,0,0,0,0,0,0,0,0,0
snp_ancestry_summary,49,Africa,Kenya,Luhya,0,91.4,8.6,0,0,0,0,0,0,0,0,0,0,0,0,0,0,0,0,0,0
admixture,49,Africa,Kenya,Luhya,16.6,78.8,4.6,0,0,0,0,0,0,0,0,0,0,0,0,0,0,0,0,0,0
snp_ancestry_summary,50,Africa,Kenya,Luo,6.3,83.8,9.9,0,0,0,0,0,0,0,0,0,0,0,0,0,0,0,0,0,0
admixture,50,Africa,Kenya,Luo,25.5,70.5,4.1,0,0,0,0,0,0,0,0,0,0,0,0,0,0,0,0,0,0
snp_ancestry_summary,51,Africa,Kenya,Luhya,2.1,94,3.9,0,0,0,0,0,0,0,0,0,0,0,0,0,0,0,0,0,0
admixture,51,Africa,Kenya,Luhya,19.4,78.7,1.9,0,0,0,0,0,0,0,0,0,0,0,0,0,0,0,0,0,0
snp_ancestry_summary,52,Africa,Kenya,BantuKenya,0,94.1,5.9,0,0,0,0,0,0,0,0,0,0,0,0,0,0,0,0,0,0
admixture,52,Africa,Kenya,BantuKenya,16.2,81.3,2.5,0,0,0,0,0,0,0,0,0,0,0,0,0,0,0,0,0,0
snp_ancestry_summary,53,Africa,Kenya,Masai,0.1,41.4,58.5,0,0,0,0,0,0,0,0,0,0,0,0,0,0,0,0,0,0
admixture,53,Africa,Kenya,Masai,13.3,33.8,52.9,0,0,0,0,0,0,0,0,0,0,0,0,0,0,0,0,0,0
snp_ancestry_summary,54,Africa,Kenya,Masai,4.5,41.3,54.3,0,0,0,0,0,0,0,0,0,0,0,0,0,0,0,0,0,0
admixture,54,Africa,Kenya,Masai,15.8,35.8,48.4,0,0,0,0,0,0,0,0,0,0,0,0,0,0,0,0,0,0
snp_ancestry_summary,55,Africa,Kenya,Kikuyu,0,62.9,37.1,0,0,0,0,0,0,0,0,0,0,0,0,0,0,0,0,0,0
admixture,55,Africa,Kenya,Kikuyu,17.6,49.6,32.8,0,0,0,0,0,0,0,0,0,0,0,0,0,0,0,0,0,0
snp_ancestry_summary,56,Africa,Kenya,Kikuyu,0,64.3,35.7,0,0,0,0,0,0,0,0,0,0,0,0,0,0,0,0,0,0
admixture,56,Africa,Kenya,Kikuyu,15.2,52.5,32.3,0,0,0,0,0,0,0,0,0,0,0,0,0,0,0,0,0,0
snp_ancestry_summary,57,Africa,Kenya,Ogiek,0,41.1,58.9,0,0,0,0,0,0,0,0,0,0,0,0,0,0,0,0,0,0
admixture,57,Africa,Kenya,Ogiek,15.7,30.3,53.9,0,0,0,0,0,0,0,0,0,0,0,0,0,0,0,0,0,0
snp_ancestry_summary,58,Africa,Kenya,Ogiek,0,42.2,57.7,0,0,0,0,0,0,0,0,0,0,0,0,0,0,0,0,0,0
admixture,58,Africa,Kenya,Ogiek,14.2,33.5,52.3,0,0,0,0,0,0,0,0,0,0,0,0,0,0,0,0,0,0
snp_ancestry_summary,59,Africa,Kenya,Rendille,3.4,10,86.6,0,0,0,0,0,0,0,0,0,0,0,0,0,0,0,0,0,0
admixture,59,Africa,Kenya,Rendille,5.1,13.6,81.2,0,0,0,0,0,0,0,0,0,0,0,0,0,0,0,0,0,0
snp_ancestry_summary,60,Africa,Kenya,Rendille,7.4,8.7,83.9,0,0,0,0,0,0,0,0,0,0,0,0,0,0,0,0,0,0
admixture,60,Africa,Kenya,Rendille,9.2,12,78.7,0,0,0,0,0,0,0,0,0,0,0,0,0,0,0,0,0,0
snp_ancestry_summary,61,Africa,Kenya,Elmolo,1.7,24.5,73.7,0,0,0,0,0,0,0,0,0,0,0,0,0,0,0,0,0,0
admixture,61,Africa,Kenya,Elmolo,9.6,22.4,68,0,0,0,0,0,0,0,0,0,0,0,0,0,0,0,0,0,0
snp_ancestry_summary,62,Africa,Kenya,Sengwer,8.2,40,51.8,0,0,0,0,0,0,0,0,0,0,0,0,0,0,0,0,0,0
admixture,62,Africa,Kenya,Sengwer,21.1,33.3,45.6,0,0,0,0,0,0,0,0,0,0,0,0,0,0,0,0,0,0
snp_ancestry_summary,63,Africa,Kenya,Elmolo,0,50.8,49.2,0,0,0,0,0,0,0,0,0,0,0,0,0,0,0,0,0,0
admixture,63,Africa,Kenya,Elmolo,7.5,47,45.1,0,0,0,0,0,0,0,0,0,0,0,0,0,0,0,0,0,0.4
snp_ancestry_summary,64,Africa,Kenya,Sengwer,6.8,41.9,51.3,0,0,0,0,0,0,0,0,0,0,0,0,0,0,0,0,0,0
admixture,64,Africa,Kenya,Sengwer,22.4,32.5,45.1,0,0,0,0,0,0,0,0,0,0,0,0,0,0,0,0,0,0
snp_ancestry_summary,65,Africa,Kenya,Luo,1.7,88.2,10.1,0,0,0,0,0,0,0,0,0,0,0,0,0,0,0,0,0,0
admixture,65,Africa,Kenya,Luo,21.7,72.8,5.5,0,0,0,0,0,0,0,0,0,0,0,0,0,0,0,0,0,0
snp_ancestry_summary,66,Africa,Namibia,Ju_hoan_North,0,94.8,4.3,0,0,0,0,0,0,0,0,0,0,0,0.2,0,0,0,0,0,0.7
admixture,66,Africa,Namibia,Ju_hoan_North,0,93.2,4.6,0,0,0,0,0,0,0,0,0,0,0,0,0.3,0,0,0,1,0.9
snp_ancestry_summary,67,Africa,Namibia,Ju_hoan_North,0,95.9,2.8,0,0,0,0,0,0,0,0,0,0,0,0,0,0,0,0,0,1.3
admixture,67,Africa,Namibia,Ju_hoan_North,0.7,92.8,4.6,0,0,0,0,0,0,0,0,0,0,0,0,0,0,0,0,0.2,1.7
snp_ancestry_summary,68,Africa,Namibia,Ju_hoan_North,0,95.4,4,0,0,0,0,0,0,0.1,0,0,0,0,0,0,0,0,0,0,0.5
admixture,68,Africa,Namibia,Ju_hoan_North,0,93.4,4.5,0,0,0,0,0,0,0,0,0,0,0,0,0,0,0.2,0.3,0,1.6
snp_ancestry_summary,69,Africa,Nigeria,Yoruba,96.2,3.8,0,0,0,0,0,0,0,0,0,0,0,0,0,0,0,0,0,0,0
admixture,69,Africa,Nigeria,Yoruba,97.9,2.1,0,0,0,0,0,0,0,0,0,0,0,0,0,0,0,0,0,0,0
snp_ancestry_summary,70,Africa,Nigeria,Esan,97.6,2.4,0,0,0,0,0,0,0,0,0,0,0,0,0,0,0,0,0,0,0
admixture,70,Africa,Nigeria,Esan,95,5,0,0,0,0,0,0,0,0,0,0,0,0,0,0,0,0,0,0,0
snp_ancestry_summary,71,Africa,Nigeria,Yoruba,86.8,13.2,0,0,0,0,0,0,0,0,0,0,0,0,0,0,0,0,0,0,0
admixture,71,Africa,Nigeria,Yoruba,88.8,11.2,0,0,0,0,0,0,0,0,0,0,0,0,0,0,0,0,0,0,0
snp_ancestry_summary,72,Africa,Nigeria,Esan,93,7,0,0,0,0,0,0,0,0,0,0,0,0,0,0,0,0,0,0,0
admixture,72,Africa,Nigeria,Esan,89.9,10.1,0,0,0,0,0,0,0,0,0,0,0,0,0,0,0,0,0,0,0
snp_ancestry_summary,73,Africa,Nigeria,Igbo,86.6,13.4,0,0,0,0,0,0,0,0,0,0,0,0,0,0,0,0,0,0,0
admixture,73,Africa,Nigeria,Igbo,87.3,12.7,0,0,0,0,0,0,0,0,0,0,0,0,0,0,0,0,0,0,0
snp_ancestry_summary,74,Africa,Nigeria,Igbo,90.7,9.3,0,0,0,0,0,0,0,0,0,0,0,0,0,0,0,0,0,0,0
admixture,74,Africa,Nigeria,Igbo,86.9,13.1,0,0,0,0,0,0,0,0,0,0,0,0,0,0,0,0,0,0,0
snp_ancestry_summary,75,Africa,Senegal,Mandenka,97.5,0,2.5,0,0,0,0,0,0,0,0,0,0,0,0,0,0,0,0,0,0
admixture,75,Africa,Senegal,Mandenka,93.5,6.2,0.2,0,0,0,0,0,0,0,0,0,0,0,0,0,0,0,0,0,0
snp_ancestry_summary,76,Africa,Senegal,Mandenka,96.4,0,0,3.6,0,0,0,0,0,0,0,0,0,0,0,0,0,0,0,0,0
admixture,76,Africa,Senegal,Mandenka,96.8,1.3,0,2,0,0,0,0,0,0,0,0,0,0,0,0,0,0,0,0,0
snp_ancestry_summary,77,Africa,SierraLeone,Mende,100,0,0,0,0,0,0,0,0,0,0,0,0,0,0,0,0,0,0,0,0
admixture,77,Africa,SierraLeone,Mende,100,0,0,0,0,0,0,0,0,0,0,0,0,0,0,0,0,0,0,0,0
snp_ancestry_summary,78,Africa,SierraLeone,Mende,100,0,0,0,0,0,0,0,0,0,0,0,0,0,0,0,0,0,0,0,0
admixture,78,Africa,SierraLeone,Mende,98.3,1.7,0,0,0,0,0,0,0,0,0,0,0,0,0,0,0,0,0,0,0
snp_ancestry_summary,79,Africa,SouthAfrica,Khomani_San,0,99.1,0,0,0,0,0,0,0,0,0,0,0,0,0,0,0,0,0,0,0.9
admixture,79,Africa,SouthAfrica,Khomani_San,0,97,1.2,0,0,0,0,0,0,0,0,0,0,0,0,0,0,0.6,0,0.7,0.5
snp_ancestry_summary,80,Africa,SouthAfrica,Khomani_San,0,94.6,4.4,0,0,0,0,0,0,0,0,0,0,0,0.2,0,0,0,0,0,0.7
admixture,80,Africa,SouthAfrica,Khomani_San,0,92.2,5.3,0,0,0,0,0,0,0,0,0,0,0,0,0,0,1,0,0.5,0.9
snp_ancestry_summary,81,Africa,Sudan,Dinka,30.1,38.2,31.7,0,0,0,0,0,0,0,0,0,0,0,0,0,0,0,0,0,0
admixture,81,Africa,Sudan,Dinka,45.3,33.4,21.3,0,0,0,0,0,0,0,0,0,0,0,0,0,0,0,0,0,0
snp_ancestry_summary,82,Africa,Sudan,Dinka,27.3,39.3,33.4,0,0,0,0,0,0,0,0,0,0,0,0,0,0,0,0,0,0
admixture,82,Africa,Sudan,Dinka,42.2,34.3,23.5,0,0,0,0,0,0,0,0,0,0,0,0,0,0,0,0,0,0
snp_ancestry_summary,83,Africa,Tanzania,Hadza,0,28.9,71.1,0,0,0,0,0,0,0,0,0,0,0,0,0,0,0,0,0,0
admixture,83,Africa,Tanzania,Hadza,6.1,27,66.7,0,0,0,0,0,0,0,0,0,0,0,0,0,0,0,0.1,0,0
snp_ancestry_summary,84,Africa,Tanzania,Hadza,0,67,33,0,0,0,0,0,0,0,0,0,0,0,0,0,0,0,0,0,0
admixture,84,Africa,Tanzania,Hadza,15.8,55.9,27,0,0,0,0,0,0,0,0,0,0,0,0,0,0,0,0.2,1.1,0
snp_ancestry_summary,85,Africa,Tanzania,Iraqw,0,25.7,74.3,0,0,0,0,0,0,0,0,0,0,0,0,0,0,0,0,0,0
admixture,85,Africa,Tanzania,Iraqw,3.1,27.2,69.7,0,0,0,0,0,0,0,0,0,0,0,0,0,0,0,0,0,0
snp_ancestry_summary,86,Africa,Tanzania,Iraqw,0,24.5,75.5,0,0,0,0,0,0,0,0,0,0,0,0,0,0,0,0,0,0
admixture,86,Africa,Tanzania,Iraqw,7.6,21.7,70.7,0,0,0,0,0,0,0,0,0,0,0,0,0,0,0,0,0,0
snp_ancestry_summary,87,Africa,Tanzania,Sandawe,0,56.6,43.4,0,0,0,0,0,0,0,0,0,0,0,0,0,0,0,0,0,0
admixture,87,Africa,Tanzania,Sandawe,8.5,50.8,40,0,0,0,0,0,0,0,0,0,0,0,0,0,0,0,0,0.6,0
snp_ancestry_summary,88,Africa,Tanzania,Sandawe,0,56.3,43.7,0,0,0,0,0,0,0,0,0,0,0,0,0,0,0,0,0,0
admixture,88,Africa,Tanzania,Sandawe,10.7,49.6,38.9,0,0,0,0,0,0,0,0,0,0,0,0,0,0,0,0.4,0.5,0
snp_ancestry_summary,89,America,Argentina,Chane,0,0,0,0,0,0,0,0,0,0,0,0,0,0,100,0,0,0,0,0,0
admixture,89,America,Argentina,Chane,0,0,0,0,0,0,0,0,0,0,0,0,0,0,100,0,0,0,0,0,0
snp_ancestry_summary,90,America,Brazil,Surui,0,0,0,0,0,0,0,0,0,0,0,0,0,0,100,0,0,0,0,0,0
admixture,90,America,Brazil,Surui,0,0,0,0,0,0,0,0,0,0,0,0,0,0,97.9,0,0,0,0,2,0
snp_ancestry_summary,91,America,Brazil,Surui,0,0,0,0,0,0,0,0,0,0,0,0,0,0,100,0,0,0,0,0,0
admixture,91,America,Brazil,Surui,0,0,0,0,0,0,0,0,0,0,0,0,0,0,100,0,0,0,0,0,0
snp_ancestry_summary,92,America,Brazil,Karitiana,0,0,0,0,0,0,0,0,0,0,0,0,0,0,100,0,0,0,0,0,0
admixture,92,America,Brazil,Karitiana,0,0,0,0,0,0,0,0,0,0,0,0,0,0,99.2,0,0,0,0,0.8,0
snp_ancestry_summary,93,America,Brazil,Karitiana,0,0,0,0,0,0,0,0,0,0,0,0,0,0,100,0,0,0,0,0,0
admixture,93,America,Brazil,Karitiana,0,0,0,0,0,0,0,0,0,0,0,0,0,0,97.5,0,0,0,0,2.5,0
snp_ancestry_summary,94,America,Canada,Cree,0,0,0,0,0,0,0,0,0,0,0,0,0,0,87.6,0,0,0,0,12.4,0
admixture,94,America,Canada,Cree,0,0,0,0,0,0,0,0,0,0,0,0,0,0,86.5,0,0,0,0.3,13.2,0
snp_ancestry_summary,95,America,Canada,Cree,0,0,0,0,0,0,0,0,0,0,0,0,0,0,88.1,0,0,0,0,11.9,0
admixture,95,America,Canada,Cree,0,0,0,0,0,0,0,0,0,0,0,0,0,0,85.8,0,0,0,0,14.2,0
snp_ancestry_summary,96,America,Canada,Chipewyan,0,0,0,0,0,0,0,0,0,0,0,0,0,0,77.1,0,0,0,0,22.9,0
admixture,96,America,Canada,Chipewyan,0,0,0,0,0,0,0,0,0,0,0,0,0,0,72,0,0,0,0,28,0
snp_ancestry_summary,97,America,Canada,Chipewyan,0,0,0,0,0,0,0,0,0,0,0,0,0,0,76.9,0,0,0,0,23.1,0
admixture,97,America,Canada,Chipewyan,0,0,0,0,0,0,0,0,0,0,0,0,0,0,71.4,0,0,0,0,28.6,0
snp_ancestry_summary,98,America,Colombia,Piapoco,0,0,0,0,0,0,0,0,0,0,0,0,0,0,100,0,0,0,0,0,0
admixture,98,America,Colombia,Piapoco,0,0,0,0,0,0,0,0,0,0,0,0,0,0,99.9,0,0,0,0,0.1,0
snp_ancestry_summary,99,America,Colombia,Piapoco,0,0,0,0,0,0,0,0,0,0,0,0,0,0,100,0,0,0,0,0,0
admixture,99,America,Colombia,Piapoco,0,0,0,0,0,0,0,0,0,0,0,0,0,0,99.3,0,0,0,0,0.6,0
snp_ancestry_summary,100,America,Mexico,Pima,0,0,0,0,0,0,0,0,0,0,0,0,0,0,95.4,0,0,0,0,4.6,0
admixture,100,America,Mexico,Pima,0,0,0,0,0,0,0,0,0,0,0,0,0,0,90.6,0,0,0,0,9.4,0
snp_ancestry_summary,101,America,Mexico,Pima,0,0,0,0,0,0,0,0,0,0,0,0,0,0,95.5,0,0,0,0,4.5,0
admixture,101,America,Mexico,Pima,0,0,0,0,0,0,0,0,0,0,0,0,0,0,90.3,0,0,0,0,9.7,0
snp_ancestry_summary,102,America,Mexico,Mayan,0,0,0,0,0,0,0,0,0,0,0,0,0,0,100,0,0,0,0,0,0
admixture,102,America,Mexico,Mayan,0,0,0,0,0,0,0,0,0,0,0,0,0,0,96.9,0,0,0,0,3.1,0
snp_ancestry_summary,103,America,Mexico,Mayan,0,0,0,0,0,0,0,0,0,0,0,0,0,0,100,0,0,0,0,0,0
admixture,103,America,Mexico,Mayan,0,0,0,0,0,0,0,0,0,0,0,0,0,0,97.8,0,0,0,0,2.2,0
snp_ancestry_summary,104,America,Mexico,Zapotec,0,0,0,0,0,0,0,0,0,0,0,0,0,0,99.6,0,0,0,0,0.4,0
admixture,104,America,Mexico,Zapotec,0,0,0,0,0,0,0,0,0,0,0,0,0,0,94.7,0,0,0,0,5.3,0
snp_ancestry_summary,105,America,Mexico,Mixe,0,0,0,0,0,0,0,0,0,0,0,0,0,0,100,0,0,0,0,0,0
admixture,105,America,Mexico,Mixe,0,0,0,0,0,0,0,0,0,0,0,0,0,0,95.3,0,0,0,0,4.7,0
snp_ancestry_summary,106,America,Mexico,Mixe,0,0,0,0,0,0,0,0,0,0,0,0,0,0,100,0,0,0,0,0,0
admixture,106,America,Mexico,Mixe,0,0,0,0,0,0,0,0,0,0,0,0,0,0,96.6,0,0,0,0,3.4,0
snp_ancestry_summary,107,America,Mexico,Mixtec,0,0,0,0,0,0,0,0,0,0,0,0,0,0,100,0,0,0,0,0,0
admixture,107,America,Mexico,Mixtec,0,0,0,0,0,0,0,0,0,0,0,0,0,0,95.8,0,0,0,0,4.2,0
snp_ancestry_summary,108,America,Mexico,Mixtec,0,0,0,0,0,0,0,0,0,0,0,0,0,0,99.9,0,0,0,0,0.1,0
admixture,108,America,Mexico,Mixtec,0,0,0,0,0,0,0,0,0,0,0,0,0,0,96.8,0,0,0,0,3.2,0
snp_ancestry_summary,109,America,Mexico,Nahua,0,0,0,0,0,0,0,0,0,0,0,0,0,0,100,0,0,0,0,0,0
admixture,109,America,Mexico,Nahua,0,0,0,0,0,0,0,0,0,0,0,0,0,0,96.7,0,0,0,0,3.3,0
snp_ancestry_summary,110,America,Mexico,Nahua,0,0,0,0,0,0,0,0,0,0,0,0,0,0,99.2,0,0,0,0,0.8,0
admixture,110,America,Mexico,Nahua,0,0,0,0,0,0,0,0,0,0,0,0,0,0,94.8,0,0,0,0,5.2,0
snp_ancestry_summary,111,America,Mexico,Zapotec,0,0,0,0,0,0,0,0,0,0,0,0,0,0,100,0,0,0,0,0,0
admixture,111,America,Mexico,Zapotec,0,0,0,0,0,0,0,0,0,0,0,0,0,0,96.5,0,0,0,0,3.4,0
snp_ancestry_summary,112,America,Peru,Quechua,0,0,0,0,0,0,0,0,0,0,0,0,0,0,100,0,0,0,0,0,0
admixture,112,America,Peru,Quechua,0,0,0,0,0,0,0,0,0,0,0,0,0,0,100,0,0,0,0,0,0
snp_ancestry_summary,113,America,Peru,Quechua,0,0,0,0,0,0,0,0,0,0,0,0,0,0,100,0,0,0,0,0,0
admixture,113,America,Peru,Quechua,0,0,0,0,0,0,0,0,0,0,0,0,0,0,100,0,0,0,0,0,0
snp_ancestry_summary,114,America,Peru,Quechua,0,0,0,0,0,0,0,0,0,0,0,0,0,0,100,0,0,0,0,0,0
admixture,114,America,Peru,Quechua,0,0,0,0,0,0,0,0,0,0,0,0,0,0,100,0,0,0,0,0,0
snp_ancestry_summary,115,CentralAsiaSiberia,China,Mongola,0,0,0,0,0,0,0,0,0,1.9,0,0,0,0,7,0,0.8,0,42.5,47.8,0
admixture,115,CentralAsiaSiberia,China,Mongola,0,0,0,0,0,0,0,0,0,0,0,0,0,0,7.7,0,0.7,0.4,45.6,45.6,0
snp_ancestry_summary,116,CentralAsiaSiberia,China,Mongola,0,0,0,0,0,0,0,0,0,3.5,0,0,0,0,6.7,0,0,0,37.2,52.6,0
admixture,116,CentralAsiaSiberia,China,Mongola,0,0,0,0,0,0,0,0,0,1.3,0,0,0,0,7,0,0.8,0,42.4,48.5,0
snp_ancestry_summary,117,CentralAsiaSiberia,Russia,Tubalar,0,0,0,0,0,0,0,0,3.2,17.2,0,0,1.5,0,14,0,16.2,0,4.5,43.2,0
admixture,117,CentralAsiaSiberia,Russia,Tubalar,0,0,0,0,0,0,0,0,6.7,14.7,0,0,0,0,15,0,15.1,0,10.1,38.4,0
snp_ancestry_summary,118,CentralAsiaSiberia,Russia,Yakut,0,0,0,0,0,0,0,0,0,8.4,0,0,0,0,13.9,3.2,0,0,4.3,70.2,0
admixture,118,CentralAsiaSiberia,Russia,Yakut,0,0,0,0,0,0,0,0,0,3.6,0,0,0,0,15.7,0,0.1,6.3,9.4,64.8,0
snp_ancestry_summary,119,CentralAsiaSiberia,Russia,Altaian,0,0,0,0,0,0,0,0,0,14.2,0,0,0,0,13.1,0,9.1,0,6.1,57.4,0
admixture,119,CentralAsiaSiberia,Russia,Altaian,0,0,0,0,0,0,0,0,0,11.5,0,0,0,0,13.3,0,9.7,1.3,11.4,52.7,0
snp_ancestry_summary,120,CentralAsiaSiberia,Russia,Tubalar,0,0,0,0,0,0,0,0,0,21.7,0,0,0,0,15.6,0,16.7,0,6.3,39.8,0
admixture,120,CentralAsiaSiberia,Russia,Tubalar,0,0,0,0,0,0,0,0,1.3,19.9,0,0,0.2,0,16.3,0,15.6,0,9.8,36.8,0
snp_ancestry_summary,121,CentralAsiaSiberia,Russia,Ulchi,0,0,0,0,0,0,0,0,0,0,0,0,0,0,13.7,0,0,0,0,86.3,0
admixture,121,CentralAsiaSiberia,Russia,Ulchi,0,0,0,0,0,0,0,0,0,0,0,0,0,0,11.5,0,0,0,0,88.5,0
snp_ancestry_summary,122,CentralAsiaSiberia,Russia,Ulchi,0,0,0,0,0,0,0,0,0,0,0,0,0,0,12.5,0,0,0,0,87.5,0
admixture,122,CentralAsiaSiberia,Russia,Ulchi,0,0,0,0,0,0,0,0,0,0,0,0,0,0,10.4,0,0,0,0,89.5,0
snp_ancestry_summary,123,CentralAsiaSiberia,Russia,Aleut,0,0,0,0,0,0,0,0,0,14.6,0,0,0,0,56.6,0,0,0,2.5,26.2,0
admixture,123,CentralAsiaSiberia,Russia,Aleut,0,0,0,0,0,0,0,0,0,15,0,0,0,0,56.4,0,0,0,4.4,24.2,0
snp_ancestry_summary,124,CentralAsiaSiberia,Russia,Eskimo_Sireniki,0,0,0,0,0,0,0,0,0,0,0,0,0,0,49.1,0,0,0,0,50.9,0
admixture,124,CentralAsiaSiberia,Russia,Eskimo_Sireniki,0,0,0,0,0,0,0,0,0,0,0,0,0,0,44.3,0,0,0,0,55.7,0
snp_ancestry_summary,125,CentralAsiaSiberia,Russia,Even,0,0,0,0,0,0,0,0,0,4.4,0,0,0,0,17.3,0,0,0,3.1,75.1,0
admixture,125,CentralAsiaSiberia,Russia,Even,0,0,0,0,0,0,0,0,0,2,0,0,0,0,15.8,0,0,2.1,7.2,72.9,0
snp_ancestry_summary,126,CentralAsiaSiberia,Russia,Even,0,0,0,0,0,0,0,0,0,5.9,0,0,0,0,16.9,0,0,0,0,77.3,0
admixture,126,CentralAsiaSiberia,Russia,Even,0,0,0,0,0,0,0,0,0,0.9,0,0,0,0,17.8,0,0,2.1,6.8,72.5,0
snp_ancestry_summary,127,CentralAsiaSiberia,Russia,Yakut,0,0,0,0,0,0,0,0,0,8.1,0,0,0,0,15.6,0,2.2,0,7.3,66.8,0
admixture,127,CentralAsiaSiberia,Russia,Yakut,0,0,0,0,0,0,0,0,0,3.6,0,0,0,0,16.7,0,0.2,4.3,11.5,63.6,0
snp_ancestry_summary,128,CentralAsiaSiberia,Russia,Eskimo_Chaplin,0,0,0,0,0,0,0,0,0,0,0,0,0,0,49.9,0,0,0,0,50.1,0
admixture,128,CentralAsiaSiberia,Russia,Eskimo_Chaplin,0,0,0,0,0,0,0,0,0,0,0,0,0,0,45.5,0,0,0,0,54.4,0
snp_ancestry_summary,129,CentralAsiaSiberia,Russia,Tlingit,0,0,0,0,0,0,0,0,14.1,12.7,0,0,0,0,52.1,0,0,0,0,21.1,0
admixture,129,CentralAsiaSiberia,Russia,Tlingit,0,0,0,0,0,0,0,0,15,11.7,0,0,0,0,52.2,0,0,0,0,21.1,0
snp_ancestry_summary,130,CentralAsiaSiberia,Russia,Tlingit,0,0,0,0,0,0,0,0,31.9,23.1,0,0,0,0,32.1,0,0,0,1.1,11.7,0
admixture,130,CentralAsiaSiberia,Russia,Tlingit,0,0,0,0,0,0,0,0,32.4,23.1,0,0,0,0,30.7,0,0,0,1.9,11.9,0
snp_ancestry_summary,131,CentralAsiaSiberia,Russia,Mansi,0,0,0,0,0,0,0,0,0,37.4,0,0,0,0,19.5,0,4.9,0.9,0.7,36.7,0
admixture,131,CentralAsiaSiberia,Russia,Mansi,0,0,0,0,0,0,0,0,2,33.6,0,0,0,0,18.8,0,6.8,1.1,3,34.6,0
snp_ancestry_summary,132,CentralAsiaSiberia,Russia,Aleut,0,0,0,0,0,0,0,0,0,13.9,0,0,0,0,59.2,0,0,0,1.4,25.4,0
admixture,132,CentralAsiaSiberia,Russia,Aleut,0,0,0,0,0,0,0,0,0,14.6,0,0,0,0,58.8,0,0,0,3.8,22.8,0
snp_ancestry_summary,133,CentralAsiaSiberia,Russia,Even,0,0,0,0,0,0,0,0,0,19.2,0,0,0,0,15,0,0,0,4.1,61.7,0
admixture,133,CentralAsiaSiberia,Russia,Even,0,0,0,0,0,0,0,0,0,16.7,0,0,0,0,15.9,0,0,1.3,8.2,57.8,0
snp_ancestry_summary,134,EastAsia,Cambodia,Cambodian,0,0.8,0,0,0,0,0,0,0,0,0,0,0,0,0,15.7,0,0,70.6,0,12.9
admixture,134,EastAsia,Cambodia,Cambodian,0,1,0,0,0,0,0,0,0,0,0,0,0,0,0,0,0,16.5,69.3,0,13.2
snp_ancestry_summary,135,EastAsia,Cambodia,Cambodian,0,0.7,0,0,0,0,0,0,0,0,0,0,0,0,0,17.7,0,0,61.3,0,20.3
admixture,135,EastAsia,Cambodia,Cambodian,0,0.7,0,0,0,0,0,0,0,0,0,0,0,0,0,0,0,18.7,62.6,0,18
snp_ancestry_summary,136,,,,0,0,0,0,0,0,0,0,0,0,0,0,0,0,0,0,0,7,59.6,33.4,0
admixture,136,,,,0.9,0.2,0,0,0,0,0,0,0,0,0,0,0,0,0,0,0,4.4,62.7,31.8,0
snp_ancestry_summary,137,EastAsia,China,Lahu,0,0.2,0,0,0,0,0,0,0,0,0,0,0,0,0,5.6,0,0,94.2,0,0
admixture,137,EastAsia,China,Lahu,0,0.5,0,0,0,0,0,0,0,0,0,0,0,0,0,0,0,3,92.2,2.3,2
snp_ancestry_summary,138,EastAsia,China,Naxi,0.3,0,0,0,0,0,0,0,0,0,0,0,0,0,2.2,0,0,4.4,60.6,32.5,0
admixture,138,EastAsia,China,Naxi,0,0.3,0,0,0,0,0,0,0,0,0,0,0,0,0.3,0,0,4,63.4,31.9,0
snp_ancestry_summary,139,EastAsia,China,Han,0,0,0,0,0,0,0,0,0,0,0,0,0,0,0,0,0,0,100,0,0
admixture,139,EastAsia,China,Han,0,0,0,0,0,0,0,0,0,0,0,0,0,0,0,0,0,0,99.7,0,0.3
snp_ancestry_summary,140,EastAsia,China,Miao,0,0,0,0,0,0,0,0,0,0,0,0,0,0,0,0,0,0,92.7,7.3,0
admixture,140,EastAsia,China,Miao,0,0,0,0,0,0,0,0,0,0,0,0,0,0,0,0,0,0,89,11,0
snp_ancestry_summary,141,EastAsia,China,Dai,0,0,0,0,0,0,0,0,0,0,0,0,0,0,0,0,0,0,88.9,0,11.1
admixture,141,EastAsia,China,Dai,0,0,0,0,0,0,0,0,0,0,0,0,0,0,0,0,0,0,91,0,9
snp_ancestry_summary,142,EastAsia,China,Han,0,0,0,0,0,0,0,0,0,0,0,0,0,0,1.5,0,0,0,71,27.5,0
admixture,142,EastAsia,China,Han,0,0,0,0,0,0,0,0,0,0,0,0,0,0,0,0,0,0,70.8,29.1,0
snp_ancestry_summary,143,EastAsia,China,Miao,0,0,0,0,0,0,0,0,0,0,0,0,0,0,0.6,0,0,0,89.5,9.9,0
admixture,143,EastAsia,China,Miao,0,0,0,0,0,0,0,0,0,0,0,0,0,0,0,0,0,0,88.9,11.1,0
snp_ancestry_summary,144,EastAsia,China,Tu,0.5,0,0,0,0,0,0,0,0,0.5,0,0,0,0,5.5,0,0,6.1,53,34.4,0
admixture,144,EastAsia,China,Tu,0.6,0,0,0,0,0,0,0,0,0,0,0,0,0,4.9,0,0,5.9,54,34.6,0
snp_ancestry_summary,145,EastAsia,China,Oroqen,0,0,0,0,0,0,0,0,0,1.2,0,0,0,0,12.3,0,0,0,8.4,78.1,0
admixture,145,EastAsia,China,Oroqen,0,0,0,0,0,0,0,0,0,0,0,0,0,0,11.9,0,0,0,15.1,73,0
snp_ancestry_summary,146,EastAsia,China,Daur,0,0,0,0,0,0,0,0,0,3.3,0,0,0,0,6.7,0,0,0,33,57,0
admixture,146,EastAsia,China,Daur,0,0,0,0,0,0,0,0,0,0,0,0,0,0,6.6,0,0,2.4,35.1,56,0
snp_ancestry_summary,147,EastAsia,China,Oroqen,0,0,0,0,0,0,0,0,0,2.2,0,0,0,0,14.8,0,0,0,10.7,72.3,0
admixture,147,EastAsia,China,Oroqen,0,0,0,0,0,0,0,0,0,0,0,0,0,0,13.9,0,0,0,16.5,69.6,0
snp_ancestry_summary,148,EastAsia,China,Tujia,0,0,0,0,0,0,0,0,0,0,0,0,0,0,0,0,0,0,89.6,10.4,0
admixture,148,EastAsia,China,Tujia,0,0,0,0,0,0,0,0,0,0,0,0,0,0,0,0,0,0,86.8,13.2,0
snp_ancestry_summary,149,EastAsia,China,Hezhen,0,0,0,0,0,0,0,0,0,0,0,0,0,0,10.3,0,0,0,14.9,74.8,0
admixture,149,EastAsia,China,Hezhen,0,0,0,0,0,0,0,0,0,0,0,0,0,0,8,0,0,0,21.3,70.7,0
snp_ancestry_summary,150,EastAsia,China,Hezhen,0,0,0,0,0,0,0,0,0,1,0,0,0,0,8,0,0,0,28.5,62.6,0
admixture,150,EastAsia,China,Hezhen,0,0,0,0,0,0,0,0,0,0,0,0,0,0,6.4,0,0,0,33.5,60.1,0
snp_ancestry_summary,151,EastAsia,China,Uygur,0,0,0,0,11.5,0,0,0,5.6,9.1,0,0,0.8,0,4.7,0,24.4,0,17.4,26.5,0
admixture,151,EastAsia,China,Uygur,0,0,0,0,12.8,0,0,0,7.6,6.7,0,0,0,0,5.6,0,22.9,0,18.6,25.8,0
snp_ancestry_summary,152,EastAsia,China,Xibo,0,0,0,0,0,0,0,0,0,3.6,0,0,0,0,4.6,0,0,0,35,56.8,0
admixture,152,EastAsia,China,Xibo,0,0,0,0,0.8,0,0,0,0,1.8,0,0,0,0,3.7,0,0,1.2,40.8,51.8,0
snp_ancestry_summary,153,EastAsia,China,Yi,0,0,0,0,0,0,0,0,0,0,0,0,0,0,2.4,3.1,0,0,69.9,24.6,0
admixture,153,EastAsia,China,Yi,0,0.5,0,0,0,0,0,0,0,0,0,0,0,0,0,0,0,2.4,70,27.1,0
snp_ancestry_summary,154,EastAsia,China,Yi,0,0,0,0,0,0,0,0,0,0,0,0,0,0,2.2,4.1,0,0,63.5,30.3,0
admixture,154,EastAsia,China,Yi,0.5,0,0,0,0,0,0,0,0,0,0,0,0,0,0,0,0,3.6,65.5,30.3,0
snp_ancestry_summary,155,EastAsia,China,Tujia,0,0,0,0,0,0,0,0,0,0,0,0,0,0,0,0,0,0,86.1,13.9,0
admixture,155,EastAsia,China,Tujia,0,0,0,0,0,0,0,0,0,0,0,0,0,0,0,0,0,0,85.3,14.7,0
snp_ancestry_summary,156,EastAsia,China,Dai,0,0.1,0,0,0,0,0,0,0,0,0,0,0,0,0,0,0,0,93.1,0,6.7
admixture,156,EastAsia,China,Dai,0,0,0,0,0,0,0,0,0,0,0,0,0,0,0,0,0,0,92.2,0,7.8
snp_ancestry_summary,157,EastAsia,China,Uygur,0,0,0,0,20,0,0,0,1.8,7.5,0,0,3.8,0,5.6,0,23.2,0,16.5,21.5,0
admixture,157,EastAsia,China,Uygur,0,0,0,0,19.1,0,0,0,3.1,4.3,0,0,4.2,0,6.1,0,23.9,0,16.8,22.4,0
snp_ancestry_summary,158,EastAsia,China,Daur,0,0,0,0,0,0,0,0,0,3,0,0,0,0,7.6,0,0,0,26.3,63.1,0
admixture,158,EastAsia,China,Daur,0,0,0,0,0.3,0,0,0,0,0.3,0,0,0,0,7.5,0,1.4,0.5,30.6,59.4,0
snp_ancestry_summary,159,EastAsia,China,Xibo,0,0,0,0,0,0,0,0,0,0.6,0,0,0,0,6.1,0,0,0,34.2,59,0
admixture,159,EastAsia,China,Xibo,0.1,0,0,0,0,0,0,0,0,0,0,0,0,0,4.8,0,0,0.5,39.4,55.1,0
snp_ancestry_summary,160,EastAsia,China,Lahu,0,0,0,0,0,0,0,0,0,0,0,0,0,0,0,6.4,0,0,93.6,0,0
admixture,160,EastAsia,China,Lahu,0,0.3,0,0,0,0,0,0,0,0,0,0,0,0,0,0,0,3.5,90.1,2.7,3.4
snp_ancestry_summary,161,EastAsia,China,Naxi,0.4,0,0,0,0,0,0,0,0,0,0,0,0,0,0.6,0,0,4.7,63.9,30.4,0
admixture,161,EastAsia,China,Naxi,0,0.3,0,0,0,0,0,0,0,0,0,0,0,0,0,0,0,3,65.6,31,0
snp_ancestry_summary,162,EastAsia,China,She,0,0,0,0,0,0,0,0,0,0,0,0,0,0,0,0,0,0,88.7,11.3,0
admixture,162,EastAsia,China,She,0,0,0,0,0,0,0,0,0,0,0,0,0,0,0,0,0,0,87.5,12.4,0
snp_ancestry_summary,163,EastAsia,China,She,0,0,0,0,0,0,0,0,0,0,0,0,0,0,0,0,0,0,94.1,5.9,0
admixture,163,EastAsia,China,She,0,0,0,0,0,0,0,0,0,0,0,0,0,0,0,0,0,0,92.2,7.8,0
snp_ancestry_summary,164,EastAsia,China,Tu,0,0.4,0,0,0,0,0,0,0,3.4,0,0,0,0,2.5,0,7.9,0.9,47.6,37.3,0
admixture,164,EastAsia,China,Tu,0,0,0,0,0.9,0,0,0,0,1.7,0,0,0,0,4,0,1.8,6.2,51.9,33.6,0
snp_ancestry_summary,165,EastAsia,China,Dai,0,0,0,0,0,0,0,0,0,0,0,0,0,0,0,0.6,0,0,93.1,0,6.3
admixture,165,EastAsia,China,Dai,0,0,0,0,0,0,0,0,0,0,0,0,0,0,0,0,0,0,93.3,0,6.7
snp_ancestry_summary,166,EastAsia,Japan,Japanese,0,0,0,0,0,0,0,0,0,0,0,0,0,0,0,0,0,0,0,100,0
admixture,166,EastAsia,Japan,Japanese,0,0,0,0,0,0,0,0,0,0,0,0,0,0,0,0,0,0,0,100,0
snp_ancestry_summary,167,EastAsia,Japan,Japanese,0,0,0,0,0,0,0,0,0,0,0,0,0,0,0,0,0,0,1,99,0
admixture,167,EastAsia,Japan,Japanese,0,0,0,0,0,0,0,0,0,0,0,0,0,0,0,0,0,0,4.8,95.2,0
snp_ancestry_summary,168,EastAsia,Japan,Japanese,0,0,0,0,0,0,0,0,0,0,0,0,0,0,0,0,0,0,0,100,0
admixture,168,EastAsia,Japan,Japanese,0,0,0,0,0,0,0,0,0,0,0,0,0,0,0,0,0,0,0,100,0
snp_ancestry_summary,169,EastAsia,Korea,Korean,0,0,0,0,0,0,0,0,0,0,0,0,0,0,0,0,0,0,34.1,65.9,0
admixture,169,EastAsia,Korea,Korean,0,0,0,0,0,0,0,0,0,0,0,0,0,0,0,0,0,0,35.6,64.4,0
snp_ancestry_summary,170,EastAsia,Korea,Korean,0,0,0,0,0,0,0,0,0,0,0,0,0,0,0.4,0,0,0,61.5,38.1,0
admixture,170,EastAsia,Korea,Korean,0,0,0,0,0,0,0,0,0,0,0,0,0,0,0,0,0,0,62.7,37.2,0
snp_ancestry_summary,171,EastAsia,Myanmar,Burmese,0.3,0,0,0,0,0,0,0,0,0,0,0,0,0,0,27,0,0.2,67.9,4.7,0
admixture,171,EastAsia,Myanmar,Burmese,0,0.3,0,0,0,0,0,0,0,0,0,0,0,0,0,0,0,29,64.9,5.4,0.4
snp_ancestry_summary,172,EastAsia,Myanmar,Burmese,0,0.5,0,0,0,0,0,0,0,0,0,0,0,0,0.9,10.1,0,0,65,23.4,0
admixture,172,EastAsia,Myanmar,Burmese,0,0.8,0,0,0,0,0,0,0,0,0,0,0,0,0,0,0,11,68.4,19.7,0
snp_ancestry_summary,173,EastAsia,Taiwan,Ami,0,0,0,0,0,0,0,0,0,0,0,0,0,0,0,0,0,0,1.2,0,98.8
admixture,173,EastAsia,Taiwan,Ami,0,0,0,0,0,0,0,0,0,0,0,0,0,0,0,0,0,0,13.9,0,86.1
snp_ancestry_summary,174,EastAsia,Taiwan,Ami,0,0,0,0,0,0,0,0,0,0,0,0,0,0,0,0,0,0,0,0,100
admixture,174,EastAsia,Taiwan,Ami,0,0,0,0,0,0,0,0,0,0,0,0,0,0,0,0,0,0,10.7,0,89.2
snp_ancestry_summary,175,EastAsia,Thailand,Thai,0,1.1,0,0.7,0,0,0,0,0,0,0,0,0,0,0,17.2,0,0,77.1,0,3.9
admixture,175,EastAsia,Thailand,Thai,0.6,0,0,0,0,0,0,0,0,0,0,0,0,0,0,2.3,0,16.5,73,0,7.6
snp_ancestry_summary,176,EastAsia,Thailand,Thai,0,0,0,0,0,0,0,0,0,0,0,0,0,0,0,5.7,0,0,82.8,0,11.5
admixture,176,EastAsia,Thailand,Thai,0.3,0,0,0,0,0,0,0,0,0,0,0,0,0,0,0,0,4.5,83.6,0,11.6
snp_ancestry_summary,177,EastAsia,Vietnam,Kinh,0,0.3,0,0,0,0,0,0,0,0,0,0,0,0,0,2.2,0,0,90.4,0,7.1
admixture,177,EastAsia,Vietnam,Kinh,0.1,0,0,0,0,0,0,0,0,0,0,0,0,0,0,0,0,1.7,88.8,0,9.3
snp_ancestry_summary,178,EastAsia,Vietnam,Kinh,0,0,0,0,0,0,0,0,0,0,0,0,0,0,0,0.3,0,0,91.2,0,8.5
admixture,178,EastAsia,Vietnam,Kinh,0,0.1,0,0,0,0,0,0,0,0,0,0,0,0,0,0,0,0,90.2,0,9.7
snp_ancestry_summary,179,Oceania,Australia,Australian,0,8.1,0,0,0,0,0,0,0,0,0,0,0,0,0,54.9,0,0,0,7.6,29.5
admixture,179,Oceania,Australia,Australian,4.6,5.4,0,0,0,0,0,0,0,0,0,0,0,0,0,32.2,0,19,0,11.1,27.7
snp_ancestry_summary,180,Oceania,Australia,Australian,0,8.3,0,0,0,0,0,0,0,0,0,0,0,0,0,54.7,0,0,0,6.3,30.8
admixture,180,Oceania,Australia,Australian,4,5.9,0,0,0,0,0,0,0,0,0,0,0,0,0,28.1,0,23.8,0,10.6,27.5
snp_ancestry_summary,181,,,,0,8.5,0,0,0,0,0,0,0,0,0,0,0,0,0,54.7,0,0,0,6.4,30.4
admixture,181,,,,4.8,4.8,0,0,0,0,0,0,0,0,0,0,0,0,0,33.8,0,18.2,0,11,27.3
snp_ancestry_summary,182,Oceania,Brunei,Dusun,0,0,0,0,0,0,0,0,0,0,0,0,0,0,0,0,0,0,16.7,0,83.3
admixture,182,Oceania,Brunei,Dusun,0,0,0,0,0,0,0,0,0,0,0,0,0,0,0,0,0,0,26.9,0,73.1
snp_ancestry_summary,183,Oceania,Brunei,Dusun,0,0,0,0,0,0,0,0,0,0,0,0,0,0,0,0,0,0,5,0,95
admixture,183,Oceania,Brunei,Dusun,0,0,0,0,0,0,0,0,0,0,0,0,0,0,0,0,0,0,16.7,0,83.3
snp_ancestry_summary,184,Oceania,New Zealand,Maori,3.9,0,0,0,0,0,0,0,4.3,0.1,4.3,0,39.6,0,0,0,2.6,0,0,0,45.2
admixture,184,Oceania,New Zealand,Maori,2.8,1.3,0,0,0,0,0,0,6.7,0,0,5.8,36,0,0.9,0,0,2.5,0,0,44
snp_ancestry_summary,185,Oceania,PapuaNewGuinea,Bougainville,0,7,0,0,0,0,0,0,0,0,0,0,0,0,0,41.5,0,0,0,3.6,47.9
admixture,185,Oceania,PapuaNewGuinea,Bougainville,2.4,5.8,0,0,0,0,0,0,0,0,0,0,0,0,0,25.6,0,13.4,0,7.9,44.8
snp_ancestry_summary,186,Oceania,PapuaNewGuinea,Papuan,3.6,4.9,0,0,0,0,0,0,0,0,0,0,0,0,0,53.8,0,0,0,4,33.6
admixture,186,Oceania,PapuaNewGuinea,Papuan,4,5.7,0,0,0,0,0,0,0,0,0,0,0,0,0,24.6,0,26.9,0,9,29.7
snp_ancestry_summary,187,Oceania,PapuaNewGuinea,Bougainville,0,6.6,0,0,0,0,0,0,0,0,0,0,0,0,0,42.4,0,0,0,1.5,49.4
admixture,187,Oceania,PapuaNewGuinea,Bougainville,4.2,3.3,0,0,0,0,0,0,0,0,0,0,0,0,0,21.9,0,17.5,0,8.2,44.9
snp_ancestry_summary,188,Oceania,PapuaNewGuinea,Papuan,0.4,7.9,0,0,0,0,0,0,0,0,0,0,0,0,0,53.9,0,0,0,4.4,33.3
admixture,188,Oceania,PapuaNewGuinea,Papuan,5.7,4.5,0,0,0,0,0,0,0,0,0,0,0,0,0,25.3,0,26,0,9.4,29.2
snp_ancestry_summary,189,Oceania,PapuaNewGuinea,Papuan,2.1,6.3,0,0,0,0,0,0,0,0,0,0,0,0,0,53.8,0,0,0,2.3,35.5
admixture,189,Oceania,PapuaNewGuinea,Papuan,6.7,2.6,0,0,0,0,0,0,0,0,0,0,0,0,0,24.1,0,28.2,0,7.2,31.2
snp_ancestry_summary,190,Oceania,PapuaNewGuinea,Papuan,0,8.4,0,0,0,0,0,0,0,0,0,0,0,0,0,53.2,0,0,0,5.5,32.9
admixture,190,Oceania,PapuaNewGuinea,Papuan,3.9,6.1,0,0,0,0,0,0,0,0,0,0,0,0,0,26.1,0,25.1,0,10.3,28.5
snp_ancestry_summary,191,Oceania,PapuaNewGuinea,Papuan,0,9,0,0,0,0,0,0,0,0,0,0,0,0,0,53.8,0,0,0,5.1,32.2
admixture,191,Oceania,PapuaNewGuinea,Papuan,3.7,6.1,0,0,0,0,0,0,0,0,0,0,0,0,0,24.6,0,27.2,0,9.7,28.7
snp_ancestry_summary,192,Oceania,PapuaNewGuinea,Papuan,3.3,4.3,0,0,0,0,0,0,0,0,0,0,0,0,0,54.8,0,0,0,3.5,34.1
admixture,192,Oceania,PapuaNewGuinea,Papuan,7.1,1.8,0,0,0,0,0,0,0,0,0,0,0,0,0,25.7,0,26.9,0,8.6,29.9
snp_ancestry_summary,193,Oceania,PapuaNewGuinea,Papuan,0,8.3,0,0,0,0,0,0,0,0,0,0,0,0,0,55.4,0,0,0,2.4,33.9
admixture,193,Oceania,PapuaNewGuinea,Papuan,4.4,5,0,0,0,0,0,0,0,0,0,0,0,0,0,25.6,0,26.7,0,8.2,30.2
snp_ancestry_summary,194,Oceania,PapuaNewGuinea,Papuan,1.2,7.8,0,0,0,0,0,0,0,0,0,0,0,0,0,52.6,0,0,0,3.4,35
admixture,194,Oceania,PapuaNewGuinea,Papuan,3.8,6.7,0,0,0,0,0,0,0,0,0,0,0,0,0,26.6,0,23.8,0,8.9,30.2
snp_ancestry_summary,195,Oceania,PapuaNewGuinea,Papuan,3.5,4.5,0,0,0,0,0,0,0,0,0,0,0,0,0,53.1,0,0,0,4.8,34.1
admixture,195,Oceania,PapuaNewGuinea,Papuan,6.5,2.8,0,0,0,0,0,0,0,0,0,0,0,0,0,23.5,0,27.9,0,9.5,29.8
snp_ancestry_summary,196,Oceania,PapuaNewGuinea,Papuan,3,6.2,0,0,0,0,0,0,0,0,0,0,0,0,0,53.2,0,0,0,4.3,33.3
admixture,196,Oceania,PapuaNewGuinea,Papuan,5.8,4.6,0,0,0,0,0,0,0,0,0,0,0,0,0,26.7,0,24.5,0,9.9,28.6
snp_ancestry_summary,197,Oceania,PapuaNewGuinea,Papuan,1.8,6.8,0,0,0,0,0,0,0,0,0,0,0,0,0,53,0,0,0,2.4,36
admixture,197,Oceania,PapuaNewGuinea,Papuan,6,3.8,0,0,0,0,0,0,0,0,0,0,0,0,0,28.5,0,22.7,0,7.7,31.3
snp_ancestry_summary,198,Oceania,PapuaNewGuinea,Papuan,0.9,8,0,0,0,0,0,0,0,0,0,0,0,0,0,53.4,0,0,0,3.3,34.5
admixture,198,Oceania,PapuaNewGuinea,Papuan,5.5,4.5,0,0,0,0,0,0,0,0,0,0,0,0,0,22.9,0,28.7,0,8.1,30.3
snp_ancestry_summary,199,Oceania,PapuaNewGuinea,Papuan,1,8,0,0,0,0,0,0,0,0,0,0,0,0,0,53.4,0,0,0,4.1,33.5
admixture,199,Oceania,PapuaNewGuinea,Papuan,7.1,2.9,0,0,0,0,0,0,0,0,0,0,0,0,0,30.1,0,20.7,0,8,31.2
snp_ancestry_summary,200,Oceania,PapuaNewGuinea,Papuan,1.7,7.4,0,0,0,0,0,0,0,0,0,0,0,0,0,53.7,0,0,0,3.6,33.6
admixture,200,Oceania,PapuaNewGuinea,Papuan,5.3,4.9,0,0,0,0,0,0,0,0,0,0,0,0,0,21.8,0,30.2,0,9.2,28.5
snp_ancestry_summary,201,Oceania,Philippines,Igorot,0,0,0,0,0,0,0,0,0,0,0,0,0,0,0,0,0,0,0,0,100
admixture,201,Oceania,Philippines,Igorot,0,0,0,0,0,0,0,0,0,0,0,0,0,0,0,0,0,0,0,0,100
snp_ancestry_summary,202,Oceania,Philippines,Igorot,0,0,0,0,0,0,0,0,0,0,0,0,0,0,0,0,0,0,0,0,100
admixture,202,Oceania,Philippines,Igorot,0,0,0,0,0,0,0,0,0,0,0,0,0,0,0,0,0,0,0,0,100
snp_ancestry_summary,203,Oceania,USA,Hawaiian,0,0.5,0,0,0,0,0,0,0,0,0,0,0,0,0,0,0,0,0,0,99.5
admixture,203,Oceania,USA,Hawaiian,1.1,0.5,0,0,0,0,0,0,0,0,0,0,0,0,0,0,0,0,0,0,98.3
snp_ancestry_summary,204,CentralAsiaSiberia,Russia,Chukchi,0,0,0,0,0,0,0,0,23.9,16,0,0,0,0,30.2,0,0,0,0,29.9,0
admixture,204,CentralAsiaSiberia,Russia,Chukchi,0,0,0,0,0,0,0,0,22.7,16.5,0,0,0,0,29.9,0,0,1.4,0,29.5,0
snp_ancestry_summary,205,CentralAsiaSiberia,Russia,Itelman,0,0,0,0,0,0,0,0,0,0,0,0,0,0,36.9,0,0,0,0,63.1,0
admixture,205,CentralAsiaSiberia,Russia,Itelman,0,0,0,0,0,0,0,0,0,0,0,0,0,0,33.3,0,0,0,2.5,64.2,0
snp_ancestry_summary,206,CentralAsiaSiberia,Russia,Eskimo_Naukan,0,0,0,0,0,0,0,0,0,0,0,0,0,0,55.2,0,0,0,0,44.8,0
admixture,206,CentralAsiaSiberia,Russia,Eskimo_Naukan,0,0,0,0,0,0,0,0,0,0,0,0,0,0,50.6,0,0,0,0,49.4,0
snp_ancestry_summary,207,CentralAsiaSiberia,Russia,Eskimo_Naukan,0,0,0,0,0,0,0,0,0,0,0,0,0,0,54.5,0,0,0,0,45.5,0
admixture,207,CentralAsiaSiberia,Russia,Eskimo_Naukan,0,0,0,0,0,0,0,0,0,0,0,0,0,0,49.5,0,0,0,0,50.5,0
snp_ancestry_summary,208,CentralAsiaSiberia,Russia,Mansi,0,0,0,0,0,0,0,0,0,42.2,0,0,0,0,18.1,0,8.8,0,0,31,0
admixture,208,CentralAsiaSiberia,Russia,Mansi,0,0,0,0,0,0,0,0,5.7,35.6,0,0,0,0,18.4,0,7.6,1.4,1,30.3,0
snp_ancestry_summary,209,CentralAsiaSiberia,Russia,Eskimo_Sireniki,0,0,0,0,0,0,0,0,0,0,0,0,0,0,54.6,0,0,0,0,45.4,0
admixture,209,CentralAsiaSiberia,Russia,Eskimo_Sireniki,0,0,0,0,0,0,0,0,0,0,0,0,0,0,49.1,0,0,0,0.6,50.4,0
snp_ancestry_summary,210,SouthAsia,Bangladesh,Bengali,0,0,0,0,0,0,0,0,0,0,0,0,0,0,0,53.1,0,43.9,3,0,0
admixture,210,SouthAsia,Bangladesh,Bengali,0,0,0,0,0,0,0,0,0,0,0,0,0,0,0,6.3,0,93.7,0,0,0
snp_ancestry_summary,211,SouthAsia,Bangladesh,Bengali,0,0,0,0,0,0,0,0,0,2.2,0,0,0,0,0.7,72.4,0,20.2,2.6,2,0
admixture,211,SouthAsia,Bangladesh,Bengali,0,0,0,0,0,0,0,0,0,0,0,0,0,0,0,7.6,0,92.4,0,0,0
snp_ancestry_summary,212,SouthAsia,India,Kapu,0,0.5,0,0,0,0,0,0,0,0,0,0,0,0,0,82.8,0,15.3,0,1.4,0
admixture,212,SouthAsia,India,Kapu,0.5,0,0,0,0,0,0,0,0,0,0,0,0,0,0,61.1,0,38.3,0,0,0
snp_ancestry_summary,213,SouthAsia,India,Relli,0,0,0,0,0,0,0,0,0,0,0,0,0,0,0,90,0,0,9.8,0,0.2
admixture,213,SouthAsia,India,Relli,0,0,0,0,0,0,0,0,0,0,0,0,0,0,0,51.9,0,40.1,7.5,0,0.5
snp_ancestry_summary,214,SouthAsia,India,Kapu,0,0,0,0,0,0,0,0,0,0,0,0,0,0,0,94.7,0,0,1.9,3.4,0
admixture,214,SouthAsia,India,Kapu,0,0,0,0,0,0,0,0,0,0,0,0,0,0,0,57.8,0,40.8,0.2,1.2,0
snp_ancestry_summary,215,SouthAsia,India,Relli,0,0,0,0.6,0,0,0,0,0.6,0,0,0,0,0,0,87.8,0,11,0,0,0
admixture,215,SouthAsia,India,Relli,0.3,0.1,0,0,0,0,0,0,0,0,0,0,0,0,0,67.7,6,25.9,0,0,0
snp_ancestry_summary,216,SouthAsia,India,Yadava,0,0,0,0,0,0,0,0,0,0,0,0,0,0,0,97.8,0,0,1,1.1,0
admixture,216,SouthAsia,India,Yadava,0.3,0,0,0,0,0,0,0,0,0,0,0,0,0,0,68.2,0,31.5,0,0,0
snp_ancestry_summary,217,SouthAsia,India,Irula,0,0,0,0,0,0,0,0,0,0,0,0,0,0,0,96.4,0,0,0,0.6,3.1
admixture,217,SouthAsia,India,Irula,0.4,0,0,0,0,0,0,0,0,0,0,0,0,0,0,76.3,0,20.8,0,1.2,1.4
snp_ancestry_summary,218,SouthAsia,India,Yadava,0,0,0,0,0,0,0,0,0,0,0,0,0,0,0,96.6,0,3.4,0,0,0
admixture,218,SouthAsia,India,Yadava,0,0,0,0,0,0,0,0,0,0,0,0,0,0,0,71.1,0,28.9,0,0,0
snp_ancestry_summary,219,SouthAsia,India,Irula,0,0,0,0,0,0,0,0,0,0,0,0,0,0,0,95.7,0,0,0,2.9,1.4
admixture,219,SouthAsia,India,Irula,0.3,0.1,0,0,0,0,0,0,0,0,0,0,0,0,0,65.7,0,32.1,0,1.5,0.2
snp_ancestry_summary,220,SouthAsia,India,Mala,0,0,0,0,0,0,0,0,0,0,0,0,0,0,0,98.1,0,0,0,1.1,0.8
admixture,220,SouthAsia,India,Mala,0,0,0,0,0,0,0,0,0,0,0,0,0,0,0,64,0,36,0,0,0
snp_ancestry_summary,221,SouthAsia,India,Khonda_Dora,0,0,0,0,0,0,0,0,0,0,0,0,0,0,0,68.8,0,0,19.5,0,11.7
admixture,221,SouthAsia,India,Khonda_Dora,0,0.1,0,0,0,0,0,0,0,0,0,0,0,0,0,37.1,0,30.9,19.2,0,12.6
snp_ancestry_summary,222,SouthAsia,India,Mala,0,0,0,0,0,0,0,0,0,0,0,0,0,0,0,99.4,0,0,0,0.6,0
admixture,222,SouthAsia,India,Mala,0,0,0,0,0,0,0,0,0,0,0,0,0,0,0,67.3,0,32.7,0,0,0
snp_ancestry_summary,223,SouthAsia,India,Brahmin,0,0,0,0,0,0,0,0,0,2,0,0,0,0,0,52,46,0,0,0,0
admixture,223,SouthAsia,India,Brahmin,0,0,0,0,4.8,0,0,0,0,0,0,0,0,0,0,43.1,35.4,16.7,0,0,0
snp_ancestry_summary,224,SouthAsia,India,Madiga,0,0,0,0,0,0,0,0,0,0,0,0,0,0,0,99.3,0,0,0.7,0,0
admixture,224,SouthAsia,India,Madiga,0,0,0,0,0,0,0,0,0,0,0,0,0,0,0,67.3,0,32.7,0,0,0
snp_ancestry_summary,225,SouthAsia,India,Brahmin,0,0,0,0,0,0,0,0,0,0,0,0,0,0,0,51.6,48.4,0,0,0,0
admixture,225,SouthAsia,India,Brahmin,0,0,0,0,1.9,0,0,0,0,0,0,0,0,0,0,40,36.5,21.5,0,0,0
snp_ancestry_summary,226,SouthAsia,India,Madiga,0,0,0,0,0,0,0,0,0,0,0,0,0,0,0,98.3,0,0,0,1.7,0
admixture,226,SouthAsia,India,Madiga,0,0,0,0,0,0,0,0,0,0,0,0,0,0,0,63.3,0,36.7,0,0,0
snp_ancestry_summary,227,SouthAsia,Nepal,Kusunda,0,0,0,0,0,0,0,0,0,0,0,0,0,0,0,10,0,40.6,26.5,22.8,0
admixture,227,SouthAsia,Nepal,Kusunda,0,0.7,0,0,0,0,0,0,0,0,0,0,0,0,0,1.8,0,48,25.4,24.2,0
snp_ancestry_summary,228,SouthAsia,Nepal,Kusunda,0,0,0,0,0,0,0,0,0,0,0,0,0,0,0,47,0,0,30.7,22.3,0
admixture,228,SouthAsia,Nepal,Kusunda,0.6,0,0,0,0,0,0,0,0,0,0,0,0,0,0,9.2,0,39.5,28.6,22.1,0
snp_ancestry_summary,229,SouthAsia,Nepal,Sherpa,0,0,0,0,0,0,0,0,0,0,0,0,0,0,2.8,0,0,13.4,44.2,39.6,0
admixture,229,SouthAsia,Nepal,Sherpa,0.2,0.2,0,0,0,0,0,0,0,0,0,0,0,0,1.2,0,0,12,47,39.4,0
snp_ancestry_summary,230,SouthAsia,Nepal,Sherpa,0,0.8,0,0,0,0,0,0,0,0,0,0,0,0,4.2,10.7,0,0,46.4,37.9,0
admixture,230,SouthAsia,Nepal,Sherpa,0.7,0.2,0,0,0,0,0,0,0,0,0,0,0,0,0.1,0,0,12.5,47.4,39.1,0
snp_ancestry_summary,231,SouthAsia,Pakistan,Brahui,0,0.4,0,0,39.6,0,0,0,0,0,0,0,0,0,0.8,0,59,0,0,0.2,0
admixture,231,SouthAsia,Pakistan,Brahui,0.5,0,0,0,40.5,0,0,0,0,0,0,0,0,0,1.3,5.4,50.8,0,0,1.4,0
snp_ancestry_summary,232,SouthAsia,Pakistan,Makrani,0.7,0,0,0,44.6,0,0,0,0,0,0,0,0,0,0,0,54.7,0,0,0,0
admixture,232,SouthAsia,Pakistan,Makrani,1.7,0,0,0,43.8,0,0,0,0,0,0,0,0,0,0,3.1,51.4,0,0,0,0
snp_ancestry_summary,233,SouthAsia,Pakistan,Pathan,0,0,0,0,14.8,0,0,0,0.8,2.9,0,0,0,0,0.7,0,80.8,0,0,0,0
admixture,233,SouthAsia,Pakistan,Pathan,0,0,0,0,19.4,0,0,0,2.8,0.5,0,0,0.7,0,0.2,0,64.6,11.9,0,0,0
snp_ancestry_summary,234,SouthAsia,Pakistan,Balochi,1.4,0,0,0,23.3,0,0,0,0,0,0,0,0,0,0,0,75.3,0,0,0,0
admixture,234,SouthAsia,Pakistan,Balochi,1.5,0,0,0,25,0,0,0,0,0,0,0,0,0,0,3.2,70.3,0,0,0,0
snp_ancestry_summary,235,SouthAsia,Pakistan,Brahui,2.1,0,0,0,34.4,0,0,0,0,0,0,0,0,0,0,0,63.5,0,0,0,0
admixture,235,SouthAsia,Pakistan,Brahui,2.1,0.4,0,0,32.8,0,0,0,0,0,0,0,0,0,0,0,64.7,0,0,0,0
snp_ancestry_summary,236,SouthAsia,Pakistan,Makrani,0.6,1.7,0,0,47.6,0,0,0,0,0,0,0,0,0,0,0,50.1,0,0,0,0
admixture,236,SouthAsia,Pakistan,Makrani,0.2,2.5,0,0,46.8,0,0,0,0,0,0,0,0,0,0,0,50.5,0,0,0,0
snp_ancestry_summary,237,SouthAsia,Pakistan,Pathan,0,0,0,0,5.6,0,0,0,0.1,0,0,0,0,0,0,0,94.3,0,0,0,0
admixture,237,SouthAsia,Pakistan,Pathan,0,0,0,0,12.4,0,0,0,0,0,0,0,0,0,0,14.9,72.7,0,0,0,0
snp_ancestry_summary,238,SouthAsia,Pakistan,Burusho,0,0,0,0,5.7,0,0,0,0,0,6.6,0,0,0,0,0,79.9,0,3.8,4,0
admixture,238,SouthAsia,Pakistan,Burusho,0,0,0,0,13.2,0,0,0,0.4,0.6,0,0,3.6,0,2,0,60.6,12.7,3.1,3.7,0
snp_ancestry_summary,239,SouthAsia,Pakistan,Hazara,0,0,0,0,12.1,0,0,0,7.5,3,0,0,0,0,5.3,0,29.4,0,12.6,30.2,0
admixture,239,SouthAsia,Pakistan,Hazara,0,0,0,0,11.5,0,0,0,5.3,3.5,0,0,1.2,0,6.5,1.4,27.6,0.4,16.3,26.2,0
snp_ancestry_summary,240,SouthAsia,Pakistan,Kalash,0,0,0,0,15.5,0,0,0,5.1,0,0,0,0,0,0,0,79.4,0,0,0,0
admixture,240,SouthAsia,Pakistan,Kalash,0,0,0,0,16.2,0,0,0,5.6,0,0,0,0,0,1.9,0,76.3,0,0,0,0
snp_ancestry_summary,241,SouthAsia,Pakistan,Burusho,0.1,0,0,0,3,2.2,0,0,0,1.1,1.7,0,2.4,0,0.9,0,79.1,0,0.4,7.4,1.7
admixture,241,SouthAsia,Pakistan,Burusho,0,0,0,0,12.5,0,0,0,0,1.1,0.6,0,3,0,2,0,60.6,13,1.6,4.4,1.4
snp_ancestry_summary,242,SouthAsia,Pakistan,Hazara,0,0,0,0,8.9,0,0,0,1.3,10.6,0,0,0,0,6.2,0,34.4,0,9.7,29,0
admixture,242,SouthAsia,Pakistan,Hazara,0,0,0,0,13.1,0,0,0,4.8,4.5,0,0,0.9,0,6.7,0,24.4,6,13.9,25.6,0
snp_ancestry_summary,243,SouthAsia,Pakistan,Kalash,0,0,0,0,18.4,0,0,0,0.2,4.9,0,0,0,0,0.5,0,76.1,0,0,0,0
admixture,243,SouthAsia,Pakistan,Kalash,0,0,0,0,17.3,0,0,0,2.9,2.9,0,0,0,0,1.7,0,74.4,0.7,0,0,0
snp_ancestry_summary,244,SouthAsia,Pakistan,Sindhi,0,0,0,0,6.1,0.5,0,0,0,1.7,1.3,0,0,0,0,4.8,85.6,0,0,0,0
admixture,244,SouthAsia,Pakistan,Sindhi,0,0,0,0,14.4,0,0,0,0,2.7,0,0,0,0,0,13.7,62.5,6.7,0,0,0
snp_ancestry_summary,245,SouthAsia,Pakistan,Sindhi,0,0,0.3,0,1.1,0,0,0,0,0,0,0,0,0,0,16.3,82.3,0,0,0,0
admixture,245,SouthAsia,Pakistan,Sindhi,0,0,0,0,8.8,0,0,0,0,0,0,0,0,0,0,23.8,59.7,7.7,0,0,0
snp_ancestry_summary,246,SouthAsia,Pakistan,Punjabi,0,0,0,0,0,0,0,0,0,0.4,1.5,0,0,0,0,73.1,5.5,19.5,0,0,0
admixture,246,SouthAsia,Pakistan,Punjabi,0,0,0,0,0,0,0,0,0,0,0,0,0,0,0,43.3,14.5,42.2,0,0,0
snp_ancestry_summary,247,SouthAsia,Pakistan,Punjabi,0,0,0,0,0,0,0,0,0.8,0,2.3,0,0,0,0.8,70.7,5.4,20,0,0,0
admixture,247,SouthAsia,Pakistan,Punjabi,0.1,0,0,0,0,0,0,0,0,0,0,0,0,0,0,44.2,15.2,40.6,0,0,0
snp_ancestry_summary,248,SouthAsia,Pakistan,Punjabi,0,0,0,0,0,0,0,0,0.9,0,0.8,0,0.7,0,0,0.7,90,6.7,0,0,0.3
admixture,248,SouthAsia,Pakistan,Punjabi,0,0,0,0,5,0,0,0,0,0.2,2.1,0,1.9,0,0.6,9.7,64.8,15.8,0,0,0
snp_ancestry_summary,249,SouthAsia,Pakistan,Punjabi,0,0,0,0,0,0,0,0,2.1,0,0,0,0,0,0.2,72.7,5.2,19.8,0,0,0
admixture,249,SouthAsia,Pakistan,Punjabi,0,0,0,0,0,0,0,0,0,0,0,0,0,0,0,44.8,8.4,46.8,0,0,0
snp_ancestry_summary,250,SouthAsia,Tibet,Tibetan,0,0.3,0.4,0,0,0,0,0,0,0,0,0,0,0,4.4,4.4,0,9.7,40.1,40.8,0
admixture,250,SouthAsia,Tibet,Tibetan,0,0.9,0,0,0,0,0,0,0,0,0,0,0,0,0.9,0,0,14.8,41.3,42.1,0
snp_ancestry_summary,251,SouthAsia,Tibet,Tibetan,0.3,0,0,0,0,0,0,0,0,0,0,0,0,0,5,12.4,0,0,39.8,42.5,0
admixture,251,SouthAsia,Tibet,Tibetan,0.7,0,0,0,0,0,0,0,0,0,0,0,0,0,2.4,0,0,13.8,42.7,40.4,0
snp_ancestry_summary,252,WestEurasia,Abkhazia,Abkhasian,0,0,0,0,97.3,0,0,0,2.7,0,0,0,0,0,0,0,0,0,0,0,0
admixture,252,WestEurasia,Abkhazia,Abkhasian,0,0,0,0,86.9,0,7.2,3.9,0,0,0,0,0,0,0,0,2,0,0,0,0
snp_ancestry_summary,253,WestEurasia,Albania,Albanian,0,0,0,0,0,0.7,76.9,22.4,0,0,0,0,0,0,0,0,0,0,0,0,0
admixture,253,WestEurasia,Albania,Albanian,0,0,0,0,7.8,6.5,46.9,38.8,0,0,0,0,0,0,0,0,0,0,0,0,0
snp_ancestry_summary,254,WestEurasia,Armenia,Armenian,0,0,0,0,88.8,0,11.2,0,0,0,0,0,0,0,0,0,0,0,0,0,0
admixture,254,WestEurasia,Armenia,Armenian,0,0,0,0,79.9,0,20.1,0,0,0,0,0,0,0,0,0,0,0,0,0,0
snp_ancestry_summary,255,WestEurasia,Armenia,Armenian,0,0,0,0,93.9,5.8,0.2,0,0,0,0,0,0,0,0,0,0,0,0,0,0
admixture,255,WestEurasia,Armenia,Armenian,0,0,0,0,82.1,6.2,11.6,0,0,0,0,0,0,0,0,0,0,0,0,0,0
snp_ancestry_summary,256,WestEurasia,Bulgaria,Bulgarian,0,0,0,0.8,10.1,1.3,8.3,79.2,0,0,0,0,0,0,0,0.1,0,0,0,0,0.2
admixture,256,WestEurasia,Bulgaria,Bulgarian,0,0,0,1.8,12.3,5.8,22.8,28.3,24.6,0,0,3.2,0,1.1,0,0,0,0,0,0,0
snp_ancestry_summary,257,WestEurasia,Bulgaria,Bulgarian,0,0,0,2.3,7.3,0,28.9,61.5,0,0,0,0,0,0,0,0,0,0,0,0,0
admixture,257,WestEurasia,Bulgaria,Bulgarian,0,0,0,0.3,11,2.3,31.4,40.6,11.8,0,0,0,0,2.6,0,0,0,0,0,0,0
snp_ancestry_summary,258,EastAsia,Taiwan,Atayal,0,0,0,0,0,0,0,0,0,0,0,0,0,0,0,0,0,0,8.9,0,91.1
admixture,258,EastAsia,Taiwan,Atayal,0,0,0,0,0,0,0,0,0,0,0,0,0,0,0,0,0,0,22,0,78
snp_ancestry_summary,259,WestEurasia,Czechoslovia(pre1989),Czech,0,0,0,0,0,2.1,0,22.3,47.2,0,19.5,0,0,8.8,0,0,0,0,0,0,0
admixture,259,WestEurasia,Czechoslovia(pre1989),Czech,0,0,0,0,0.9,2,3.6,18.9,39.9,2.5,0,30.2,0,2,0,0,0,0,0,0,0
snp_ancestry_summary,260,WestEurasia,England,English,0,0,0,0,0,0,0,6.2,0,0,12.4,77.2,0,4.3,0,0,0,0,0,0,0
admixture,260,WestEurasia,England,English,0,0,0,0,0,0,2.8,6.8,0.3,0.4,14,70.3,5.3,0,0,0,0,0,0,0,0
snp_ancestry_summary,261,WestEurasia,England,English,0,0,0,2.7,0,3.4,1.6,0,0,0,56.7,35.5,0,0,0,0,0,0,0,0,0
admixture,261,WestEurasia,England,English,0,0,0,0,0,4.2,1.6,0,0,0,13.2,80.9,0,0,0,0,0,0,0,0,0
snp_ancestry_summary,262,WestEurasia,Estonia,Estonian,0,0,0,0,0,0,0,0,77.1,16.9,5.9,0,0,0,0,0,0,0,0,0,0
admixture,262,WestEurasia,Estonia,Estonian,0,0,0,0,0,0,0,3.2,57.3,17.1,21.6,0,0.8,0,0,0,0,0,0,0,0
snp_ancestry_summary,263,WestEurasia,Estonia,Estonian,0,0,0,0,0,0,0,0,71.9,28.1,0,0,0,0,0,0,0,0,0,0,0
admixture,263,WestEurasia,Estonia,Estonian,0,0,0,0,0,0,0,0,61.1,27.8,11.1,0,0,0,0,0,0,0,0,0,0
snp_ancestry_summary,264,WestEurasia,Finland,Finnish,0,0,1.3,0,0,0,0,0,0,88.1,3.6,6.4,0,0.3,0,0.3,0,0,0,0,0
admixture,264,WestEurasia,Finland,Finnish,0,0,0,0,0,0,0,0,1.3,82.6,0,15.3,0,0,0,0.3,0,0,0,0,0.6
snp_ancestry_summary,265,WestEurasia,Finland,Finnish,0,0,0,0,0,0,0,0,0,88,10.5,0,0,1.5,0,0,0,0,0,0,0
admixture,265,WestEurasia,Finland,Finnish,0,0,0,0,0,0,0,0,0.2,80.5,4.6,9.6,0,5,0,0,0,0,0,0,0
snp_ancestry_summary,266,WestEurasia,Finland,Finnish,0,0,0,0,0,0,0,0,0,100,0,0,0,0,0,0,0,0,0,0,0
admixture,266,WestEurasia,Finland,Finnish,0,0,0,0,0.1,0,0.2,0,5.7,91.1,0,0,2.7,0,0,0,0,0.2,0,0,0
snp_ancestry_summary,267,WestEurasia,Finland,Saami,0,0,0,0,0,0,0,0,0,83.7,0,0,0,0,4.5,0,0,0,0,11.8,0
admixture,267,WestEurasia,Finland,Saami,0,0,0,0,0,0,0,0,3.9,69.7,8.1,0,0,0,6.6,0,0,0,0,11.7,0
snp_ancestry_summary,268,WestEurasia,Finland,Saami,0,0,0,0,0,0,0,0,0,77.3,0,0,0,0,7.1,0,0,0,0,15.6,0
admixture,268,WestEurasia,Finland,Saami,0,0,0,0,0,0,0,0,2.5,73.4,0.3,0,0,0,8.5,0,0,0,1.7,13.5,0
snp_ancestry_summary,269,WestEurasia,France,French,0,0,0,0,0,0,26.2,0,0,0,33.9,1,0,38.9,0,0,0,0,0,0,0
admixture,269,WestEurasia,France,French,0,0,0,0,0,0,23,0,0,0,11.2,33.1,0,32.6,0,0,0,0,0,0,0
snp_ancestry_summary,270,WestEurasia,France,French,0,0,0,0,0,0.9,13.9,0,0,4.2,7.3,15.4,45.3,12.9,0,0,0,0,0,0,0
admixture,270,WestEurasia,France,French,0,0,0,0,0,0,4.5,8,0,1.3,3.8,32,34.4,16.1,0,0,0,0,0,0,0
snp_ancestry_summary,271,WestEurasia,France,Basque,0,0,0,0,0,0,0,0,0,1.4,0,0,0,98.6,0,0,0,0,0,0,0
admixture,271,WestEurasia,France,Basque,0,0,0,0,0,0,0,0,0,0,0,3.4,7.1,89.5,0,0,0,0,0,0,0
snp_ancestry_summary,272,WestEurasia,France,Basque,0,0,0,0,0,0,0,0,0,0,0,0,0,100,0,0,0,0,0,0,0
admixture,272,WestEurasia,France,Basque,0,0,0,0,0,0,0,0,0,0,0,6.3,4.1,89.6,0,0,0,0,0,0,0
snp_ancestry_summary,273,WestEurasia,Georgia,Georgian,0,0,0,0,88,0,9.5,0,0,0,0,2.5,0,0,0,0,0,0,0,0,0
admixture,273,WestEurasia,Georgia,Georgian,0,0,0,0,79.9,0.9,19.1,0,0,0,0,0,0,0,0,0,0,0,0,0,0
snp_ancestry_summary,274,WestEurasia,Georgia,Georgian,0,0,0,0,97.7,2.3,0,0,0,0,0,0,0,0,0,0,0,0,0,0,0
admixture,274,WestEurasia,Georgia,Georgian,0,0,0,0,85.5,3.7,10.7,0,0,0,0,0,0,0,0,0,0,0,0,0,0
snp_ancestry_summary,275,WestEurasia,Greece,Greek,0,0,0,0,3.2,0,57.5,38.5,0,0,0,0,0,0,0,0.8,0,0,0,0,0
admixture,275,WestEurasia,Greece,Greek,0,0,0,0,11.9,2.7,31.9,43.1,0.2,0,0,0,0,10.1,0,0,0,0,0,0,0
snp_ancestry_summary,276,WestEurasia,Greece,Greek,0,0,0,0,75.8,0,24.2,0,0,0,0,0,0,0,0,0,0,0,0,0,0
admixture,276,WestEurasia,Greece,Greek,0,0,0,0,69.5,2.8,27.7,0,0,0,0,0,0,0,0,0,0,0,0,0,0
snp_ancestry_summary,277,WestEurasia,Hungary,Hungarian,0,0.1,0,0,0,0,0,27.2,32.8,0,12.3,27.2,0,0,0,0,0,0,0.5,0,0
admixture,277,WestEurasia,Hungary,Hungarian,0,0,0.3,0,0,0,3.9,13.9,38.3,0.3,6.2,36.7,0,0,0,0,0,0,0.4,0,0
snp_ancestry_summary,278,WestEurasia,Hungary,Hungarian,0,0,0,0,0,0,0,34.3,36.8,0,16.7,0,0,12.2,0,0,0,0,0,0,0
admixture,278,WestEurasia,Hungary,Hungarian,0,0,0,0,0,2.3,8.1,19.2,35.8,0,8,19.5,0,6.5,0,0,0,0.5,0.2,0,0
snp_ancestry_summary,279,WestEurasia,Iceland,Icelandic,0,0,0,0,0,0,0,0,0,6.8,75,0,17.7,0,0,0,0,0,0,0.4,0
admixture,279,WestEurasia,Iceland,Icelandic,0,0,0,0,0,0,0,0,0.8,7.1,43.5,28.1,19.7,0,0,0,0,0,0,0.9,0
snp_ancestry_summary,280,WestEurasia,Iceland,Icelandic,0,0,0,0,0,0,0,0,0,0,73.4,7.5,18.8,0,0,0.3,0,0,0,0,0
admixture,280,WestEurasia,Iceland,Icelandic,0,0,0,0,0,0,0,0,0,3.9,43.7,35.1,16.4,0,0,0.7,0.1,0,0,0,0.1
snp_ancestry_summary,281,WestEurasia,Iran,Iranian,0.7,0,0,0,81,0,0,0,0,0,0,0,0,0,0.3,0,18,0,0,0,0
admixture,281,WestEurasia,Iran,Iranian,0.8,0,1.8,0,76.2,0.1,0,0,0,0,0,0,0,0,0.7,0,20.4,0,0,0,0
snp_ancestry_summary,282,WestEurasia,Iran,Iranian,0,0,0,0,88.5,0,0,0,0,0,0,0,0,0,0,0,11.5,0,0,0,0
admixture,282,WestEurasia,Iran,Iranian,0,0,0,0,83.3,0,0.8,0,0,0,0,0,0,0,0,0,15.9,0,0,0,0
snp_ancestry_summary,283,WestEurasia,Iraq,Iraqi_Jew,0,0,0,10.2,86.9,3,0,0,0,0,0,0,0,0,0,0,0,0,0,0,0
admixture,283,WestEurasia,Iraq,Iraqi_Jew,0,0,0,7.2,77.1,9.6,6.1,0,0,0,0,0,0,0,0,0,0,0,0,0,0
snp_ancestry_summary,284,WestEurasia,Iraq,Iraqi_Jew,0,0,0,8.4,84.1,5.1,2.4,0,0,0,0,0,0,0,0,0,0,0,0,0,0
admixture,284,WestEurasia,Iraq,Iraqi_Jew,0,0,0,8.3,78,9.1,4.6,0,0,0,0,0,0,0,0,0,0,0,0,0,0
snp_ancestry_summary,285,WestEurasia,Israel,Samaritan,0,0,1.2,21.7,57.9,7.9,11.3,0,0,0,0,0,0,0,0,0,0,0,0,0,0
admixture,285,WestEurasia,Israel,Samaritan,0,0,0,22.4,53,12.8,11.8,0,0,0,0,0,0,0,0,0,0,0,0,0,0
snp_ancestry_summary,286,WestEurasia,Israel(Carmel),Druze,0,0,0,16.2,59.3,7.2,17.4,0,0,0,0,0,0,0,0,0,0,0,0,0,0
admixture,286,WestEurasia,Israel(Carmel),Druze,0,0,0,15.9,57.9,9.7,16.5,0,0,0,0,0,0,0,0,0,0,0,0,0,0
snp_ancestry_summary,287,WestEurasia,Israel(Carmel),Druze,0,0,0,17.9,59.4,0.7,22,0,0,0,0,0,0,0,0,0,0,0,0,0,0
admixture,287,WestEurasia,Israel(Carmel),Druze,0,0,0,16.1,57,7.6,19.4,0,0,0,0,0,0,0,0,0,0,0,0,0,0
snp_ancestry_summary,288,WestEurasia,Israel(Central),Palestinian,0,0,2,31.3,59.2,0,7.5,0,0,0,0,0,0,0,0,0,0,0,0,0,0
admixture,288,WestEurasia,Israel(Central),Palestinian,0,0,3.6,28,52.9,3.5,11.8,0,0,0,0,0,0,0,0,0,0,0,0,0,0
snp_ancestry_summary,289,WestEurasia,Israel(Central),Palestinian,0,0,2.8,32.6,51.9,3.2,9.5,0,0,0,0,0,0,0,0,0,0,0,0,0,0
admixture,289,WestEurasia,Israel(Central),Palestinian,0,0,4.6,28.1,49.7,7.5,10,0,0,0,0,0,0,0,0,0,0,0,0,0,0
snp_ancestry_summary,290,WestEurasia,Israel(Central),Palestinian,0,0,6.9,22.2,56.9,5.3,8.6,0,0,0,0,0,0,0,0,0,0,0,0,0,0
admixture,290,WestEurasia,Israel(Central),Palestinian,0,0,8.1,20.6,54.5,10.4,6.3,0,0,0,0,0,0,0,0,0,0,0,0,0,0
snp_ancestry_summary,291,WestEurasia,Israel(Negev),BedouinB,0,0,0.7,59.3,40.1,0,0,0,0,0,0,0,0,0,0,0,0,0,0,0,0
admixture,291,WestEurasia,Israel(Negev),BedouinB,0,0,3.1,46.5,43.2,7.2,0,0,0,0,0,0,0,0,0,0,0,0,0,0,0
snp_ancestry_summary,292,WestEurasia,Israel(Negev),BedouinB,0,0,0,55.8,44.2,0,0,0,0,0,0,0,0,0,0,0,0,0,0,0,0
admixture,292,WestEurasia,Israel(Negev),BedouinB,0,0,3.1,46.2,45.1,5.5,0,0,0,0,0,0,0,0,0,0,0,0,0,0,0
snp_ancestry_summary,293,WestEurasia,Italy(Bergamo),Bergamo,0,0,0,0,0,0,63.2,0,0,0,12.2,0,0,24.5,0,0,0,0,0,0,0
admixture,293,WestEurasia,Italy(Bergamo),Bergamo,0,0,0,0,0.8,2.2,43.6,13.3,0,0,0,14.4,0,25.6,0,0,0,0,0,0,0
snp_ancestry_summary,294,WestEurasia,Italy(Bergamo),Bergamo,0,0,0,0,0,0,68.4,0,0,0,0,0,13.6,18,0,0,0,0,0,0,0
admixture,294,WestEurasia,Italy(Bergamo),Bergamo,0,0,0,0,0.5,2.1,48.6,13.9,0,0,0,0,9.2,25.6,0,0,0,0,0,0,0
snp_ancestry_summary,295,WestEurasia,Italy(Sardinia),Sardinian,0,0,0,0.5,0,0,33.2,0,0,0,0,0,0,66.3,0,0,0,0,0,0,0
admixture,295,WestEurasia,Italy(Sardinia),Sardinian,0,0,0,1.1,0,0,37.1,0,0,0,0,0,0,61.8,0,0,0,0,0,0,0
snp_ancestry_summary,296,WestEurasia,Italy(Sardinia),Sardinian,0,0,0,0,0,0,39.8,0,0,0,0,0,0,60.2,0,0,0,0,0,0,0
admixture,296,WestEurasia,Italy(Sardinia),Sardinian,0,0,0,0,0,0,42.3,0,0,0,0,0,0,57.6,0,0,0,0,0,0,0
snp_ancestry_summary,297,WestEurasia,Italy(Tuscany),Tuscan,0,0,0,0,0,0,81.9,0,0,0,0,9.5,0,7.7,0.3,0.6,0,0,0,0,0
admixture,297,WestEurasia,Italy(Tuscany),Tuscan,0,0,0,2,11.8,3.5,42.9,5.7,0,0,0,14.4,0,19.4,0,0.5,0,0,0,0,0
snp_ancestry_summary,298,WestEurasia,Italy(Tuscany),Tuscan,0,0,0,0,0,0,77,0,0,0,4.6,0,0,18.4,0,0,0,0,0,0,0.1
admixture,298,WestEurasia,Italy(Tuscany),Tuscan,0,0,0,0,6.2,5.5,43.5,10.2,0,0,0,7.7,0,26.8,0,0,0,0,0,0,0
snp_ancestry_summary,299,WestEurasia,Jordan,Jordanian,0,0,4.1,23.1,58.6,7.6,6.7,0,0,0,0,0,0,0,0,0,0,0,0,0,0
admixture,299,WestEurasia,Jordan,Jordanian,0,0,4,21.7,53.7,10.1,10.5,0,0,0,0,0,0,0,0,0,0,0,0,0,0
snp_ancestry_summary,300,WestEurasia,Jordan,Jordanian,0,0,3.8,27.6,57.6,3.7,7.4,0,0,0,0,0,0,0,0,0,0,0,0,0,0
admixture,300,WestEurasia,Jordan,Jordanian,0,0,6.6,23.7,51,5,13.7,0,0,0,0,0,0,0,0,0,0,0,0,0,0
snp_ancestry_summary,301,WestEurasia,Jordan,Jordanian,0,0,3.9,26.1,55.3,4.6,10.1,0,0,0,0,0,0,0,0,0,0,0,0,0,0
admixture,301,WestEurasia,Jordan,Jordanian,0,0,7.4,19.3,53.3,7.7,12.3,0,0,0,0,0,0,0,0,0,0,0,0,0,0
snp_ancestry_summary,302,CentralAsiaSiberia,Kyrgyzystan,Kyrgyz,0,0,0,0,6.4,0,0,0,0,17.3,0,0,0,0,7.1,0,11.4,0,13.5,44.3,0
admixture,302,CentralAsiaSiberia,Kyrgyzystan,Kyrgyz,0,0,0,0,5.7,0,0,0,4.3,10.4,0,0,0,0,8.4,0,12.8,0,18.2,40.2,0
snp_ancestry_summary,303,CentralAsiaSiberia,Kyrgyzystan,Kyrgyz,0,0,0,0,3,0,0,0,0,13.1,0,0,0.8,0,10,0,14.9,0,15.8,42.5,0
admixture,303,CentralAsiaSiberia,Kyrgyzystan,Kyrgyz,0,0,0,0,5.3,0,0,0,0.2,10.8,0,0,1.1,0,10.8,0,13,0,18.9,39.9,0
snp_ancestry_summary,304,WestEurasia,Norway,Norwegian,0,0,0,0,0,0,0,0,7.3,11.3,68.9,0,12.5,0,0,0,0,0,0,0,0
admixture,304,WestEurasia,Norway,Norwegian,0,0.1,0,0,0,0,0,0,9.3,11.4,43,12.3,23.4,0,0,0,0,0,0.2,0,0.4
snp_ancestry_summary,305,WestEurasia,OrkneyIslands,Orcadian,0,0,2.1,0,0.3,0.4,0,3.7,0,0,17.9,17.6,58,0,0,0,0,0,0,0,0
admixture,305,WestEurasia,OrkneyIslands,Orcadian,0,0,1.3,0,1.6,1,0,0,4.3,0,1.4,40,49.5,1,0,0,0,0,0,0,0
snp_ancestry_summary,306,WestEurasia,OrkneyIslands,Orcadian,0,0,0,1.1,0,1.6,0,0,2.5,0,52.4,4.3,37.2,0,0,0,0,0,0,0.9,0
admixture,306,WestEurasia,OrkneyIslands,Orcadian,0,0,0,0.3,0,0,0,0,2.6,0,11.7,53,31.2,0,0,0,0.1,0,0,1,0.1
snp_ancestry_summary,307,WestEurasia,Poland,Polish,0,0,0.5,1.3,0,4.1,0,0,84.4,0,0,0,3.6,6,0,0,0,0,0,0,0
admixture,307,WestEurasia,Poland,Polish,0,0,0,0,0,2.4,2,16.1,58.5,1.6,7.4,12.1,0,0,0,0,0,0,0,0,0
snp_ancestry_summary,308,WestEurasia,Russia,Russian,0,0,0,0,0,0,0,0,64.9,24.6,0,0,4.3,0,0.9,0,2.2,0,0,3.2,0
admixture,308,WestEurasia,Russia,Russian,0,0,0,0,0,0,0,8.2,54,23.4,0,0,6.1,0,2.9,0,1.5,0,0.7,3.1,0
snp_ancestry_summary,309,WestEurasia,Russia,Russian,0,0,0,0,0,0,0,0,76.9,18.6,0,0,0,0,0.3,0,0,0,0,2.8,1.3
admixture,309,WestEurasia,Russia,Russian,0,0,0,0,0,0,0,12.7,54,22.3,2.3,0,2.4,0,1.8,0,0,0,0,2.8,1.7
snp_ancestry_summary,310,WestEurasia,Russia,Abkhasian,0,0,0,0,89.8,0,0,0,4,3.3,0,0,3,0,0,0,0,0,0,0,0
admixture,310,WestEurasia,Russia,Abkhasian,0,0,0,0,78.5,1.2,11.6,2.9,0,0.9,0,0,2.8,0,0,0,2.2,0,0,0,0
snp_ancestry_summary,311,WestEurasia,Russia,Chechen,0,0,0,0,66.9,0,0,0,9.6,3.8,0,0,10.4,0,1.8,0,7.4,0,0,0,0
admixture,311,WestEurasia,Russia,Chechen,0,0,0,0,60,0,0,7.2,2.5,1.9,5.2,0,10.3,0,1.4,0,11.5,0,0,0,0
snp_ancestry_summary,312,WestEurasia,Russia,Lezgin,0,0,0,0,68.1,0,0,0,0,0,5.4,0,14.3,0,0,0,12.3,0,0,0,0
admixture,312,WestEurasia,Russia,Lezgin,0,0,0,0,61.1,0,0,0,1.8,0,9.3,0,12.9,0,0,0,14.9,0,0,0,0
snp_ancestry_summary,313,WestEurasia,Russia,Lezgin,0,0,0,0,63,0,0,0,4.9,0.2,3.3,0,17.5,0,0,0,11,0,0,0,0
admixture,313,WestEurasia,Russia,Lezgin,0,0,0,0,59.7,0,0,0,7.6,0,4.1,0,16.5,0,0.1,0,12,0,0,0,0
snp_ancestry_summary,314,WestEurasia,Russia,North_Ossetian,0,0,0,0,73.8,0,0,0,11.9,0,0,0,5.8,0,0,0,4,0,0,4.5,0
admixture,314,WestEurasia,Russia,North_Ossetian,0,0,0,0,65.9,0,0.6,4.3,6.7,0.8,0,0,9.4,0,0,0,8.3,0,0,4.1,0
snp_ancestry_summary,315,WestEurasia,Russia,North_Ossetian,0,0,0,0,76.1,0,0,0,13.9,2.2,0,0,3.8,0,0,0,0,0,0,4,0
admixture,315,WestEurasia,Russia,North_Ossetian,0,0,0,0,67.3,0,0,3.7,10.9,1.3,0,0,7.3,0,1,0,4.6,0,0,3.9,0
snp_ancestry_summary,316,WestEurasia,Russia(Caucasus),Adygei,0,0,0,0,73.3,0,0,0,13.8,0,0,0,9.6,0,0,0,1.4,0,1,1,0
admixture,316,WestEurasia,Russia(Caucasus),Adygei,0,0,0,0,62.8,0,4.5,14.4,3.8,0,0,0,6.5,0,0.6,0,5.6,0,0.1,1.6,0
snp_ancestry_summary,317,WestEurasia,Russia(Caucasus),Adygei,0,0,0,0,79.6,0,0,0,6.2,0.8,6.1,0,3.7,0,0,0,2,0,0.3,1.3,0
admixture,317,WestEurasia,Russia(Caucasus),Adygei,0,0,0,0,67.1,2.6,5.4,3.7,8.7,0,0,0,4,0,0,0,7.2,0,1.2,0,0
snp_ancestry_summary,318,WestEurasia,Spain,Spanish,0,0,0,0,0,0,10.2,0,0,0,0,2.2,0,87.6,0,0,0,0,0,0,0
admixture,318,WestEurasia,Spain,Spanish,0,0,0,0,0,0,15.6,2.5,0,0,0.4,13.7,0,67.5,0,0,0,0,0,0,0.3
snp_ancestry_summary,319,WestEurasia,Spain,Spanish,0,0,0,0.5,0,0,0.2,0,0,0,0,0,0,99.3,0,0,0,0,0,0,0
admixture,319,WestEurasia,Spain,Spanish,0,0,0,2.7,0,0,13.1,0,0,0.9,0,0,8.3,74.8,0.1,0,0,0,0,0,0
snp_ancestry_summary,320,WestEurasia,Tajikistan,Tajik,0,0,0,0,21.4,0,0,0,0,6.1,15.7,0,3.9,0,5.6,0,47.3,0,0,0,0
admixture,320,WestEurasia,Tajikistan,Tajik,0,0,0,0,19.4,0,0,0,3,3.9,11.5,0,9.3,0,4.5,0,47.1,0,0,1.3,0
snp_ancestry_summary,321,WestEurasia,Tajikistan,Tajik,0,0,0,0,25.3,0,0,0,3.6,6.9,0.6,0,16.4,0,3.2,0,44,0,0,0,0
admixture,321,WestEurasia,Tajikistan,Tajik,0,0,0,0,23.5,0,0,0,6.7,3.9,1.4,0,15.6,0,3.1,0,45.7,0,0,0,0
snp_ancestry_summary,322,WestEurasia,Turkey,Turkish,0,0,0,0,70.2,0,25.2,0,0,0.6,0,0,0,0,0,0,0,0,0,4,0
admixture,322,WestEurasia,Turkey,Turkish,0,0,0,0,62.4,2,26.8,2.7,0,0,0,0,0,0,0.3,0,2.2,0,0.4,3.3,0
snp_ancestry_summary,323,WestEurasia,Turkey,Turkish,0,0,0,0,65.8,4.4,25,0,0,0,0,0,0,0,0,0,0,0,0,4.8,0
admixture,323,WestEurasia,Turkey,Turkish,0,0,0,0,61.6,6,26.2,0.5,0,0,0,0,0,0,0.3,0,0,0,0,5.4,0
snp_ancestry_summary,324,WestEurasia,Yemen,Yemenite_Jew,0,0,6.7,37,55,1.3,0,0,0,0,0,0,0,0,0,0,0,0,0,0,0
admixture,324,WestEurasia,Yemen,Yemenite_Jew,0,0,7.3,31.6,51.8,9.3,0,0,0,0,0,0,0,0,0,0,0,0,0,0,0
snp_ancestry_summary,325,WestEurasia,Yemen,Yemenite_Jew,0,0,5.9,40.2,50.4,3.5,0,0,0,0,0,0,0,0,0,0,0,0,0,0,0
admixture,325,WestEurasia,Yemen,Yemenite_Jew,0,0,6.9,34.3,48.9,9.9,0,0,0,0,0,0,0,0,0,0,0,0,0,0,0
snp_ancestry_summary,326,WestEurasia,Greece,Crete,0,0,0,0.8,29.2,8.1,61.9,0,0,0,0,0,0,0,0,0,0,0,0,0,0
admixture,326,WestEurasia,Greece,Crete,0,0,0,0.7,34.3,10.5,50.2,4.2,0,0,0,0,0,0,0,0,0,0,0,0,0
snp_ancestry_summary,327,WestEurasia,Greece,Crete,0,0,0,1.7,30.5,1.4,58.7,7.8,0,0,0,0,0,0,0,0,0,0,0,0,0
admixture,327,WestEurasia,Greece,Crete,0,0,0,2.4,30.6,6.2,45.3,15.5,0,0,0,0,0,0,0,0,0,0,0,0,0
snp_ancestry_summary,328,SouthAsia,India,Kharia,0,0,0,0,0,0,0,0,0,0,0,0,0,0,0,75,0,0,19.6,0,5.4
admixture,328,SouthAsia,India,Kharia,0.1,0,0,0,0,0,0,0,0,0,0,0,0,0,0,30.4,0,47.6,16.3,0,5.5
snp_ancestry_summary,329,SouthAsia,India,Kurumba,0,0,0,0,0,0,0,0,0,0,0,0,0,0,0,90.7,0,0,0.7,5.8,2.8
admixture,329,SouthAsia,India,Kurumba,0.4,0,0,0,0,0,0,0,0,0,0,0,0,0,0,73.1,0,18.1,0.7,5.2,2.5
snp_ancestry_summary,330,SouthAsia,India,Onge,0,3.1,0,0,0,0,0,0,0,0,0,0,0,0,0,60.4,0,0,0,15.4,21.2
admixture,330,SouthAsia,India,Onge,4.4,0.5,0,0,0,0,0,0,0,0,0,0,0,0,0,23.9,0,35.2,0,16.5,19.4
snp_ancestry_summary,331,SouthAsia,India,Onge,0.6,3.1,0,0,0,0,0,0,0,0,0,0,0,0,0,59.3,0,0,0,15.9,21.2
admixture,331,SouthAsia,India,Onge,5.2,0,0,0,0,0,0,0,0,0,0,0,0,0,0,24.4,0,32.9,3,15.9,18.5
snp_ancestry_summary,332,SouthAsia,India,Mala,0,0,0,0,0,0,0,0,0,0,0,0,0,0,0,98.7,0,0,0.8,0.5,0
admixture,332,SouthAsia,India,Mala,0,0,0,0,0,0,0,0,0,0,0,0,0,0,0,62.4,0,37.6,0,0,0
snp_ancestry_summary,333,SouthAsia,India,Kashmiri_Pandit,0,0,0,0,0,0,0,0,0.6,2.3,0,0,0,0,0,0,94.2,0,0,2.9,0
admixture,333,SouthAsia,India,Kashmiri_Pandit,0,0,0,0,9,0,0,0,0.6,1.7,0,0,0,0,0,1.7,63.6,22.8,0,0.6,0
snp_ancestry_summary,334,EastAsia,China,Dai,0,0,0,0,0,0,0,0,0,0,0,0,0,0,0,2.4,0,0,92.3,0,5.3
admixture,334,EastAsia,China,Dai,0,0,0,0,0,0,0,0,0,0,0,0,0,0,0,0,0,0,93.2,0,6.7
snp_ancestry_summary,335,WestEurasia,France,French,0,0,0,0,0,0.3,3.7,0,0,1.6,0,45.5,47.3,0,0,0,1.6,0,0,0,0
admixture,335,WestEurasia,France,French,0,0,0,0,0,0,1.1,0.6,0,2.6,0,39.8,48.7,5.5,0,0,1.5,0,0,0,0
snp_ancestry_summary,336,EastAsia,China,Han,0,0,0,0,0,0,0,0,0,0,0,0,0,0,0,0,0,0,72.2,27.8,0
admixture,336,EastAsia,China,Han,0,0,0,0,0,0,0,0,0,0,0,0,0,0,0,0,0,0,74.2,25.8,0
snp_ancestry_summary,337,Africa,Senegal,Mandenka,96.4,0,3.6,0,0,0,0,0,0,0,0,0,0,0,0,0,0,0,0,0,0
admixture,337,Africa,Senegal,Mandenka,93.5,5.4,1.1,0,0,0,0,0,0,0,0,0,0,0,0,0,0,0,0,0,0
snp_ancestry_summary,338,Africa,Congo,Mbuti,0,97.1,2.9,0,0,0,0,0,0,0,0,0,0,0,0,0,0,0,0,0,0
admixture,338,Africa,Congo,Mbuti,14,84.1,0.5,0,0,0,0,0,0,0,0,0,0,0,0,0,0,0,0,1.3,0.1
snp_ancestry_summary,339,Oceania,PapuaNewGuinea,Papuan,0,8.6,0,0,0,0,0,0,0,0,0,0,0,0,0,54.1,0,0,0,0.8,36.5
admixture,339,Oceania,PapuaNewGuinea,Papuan,3.9,5.8,0,0,0,0,0,0,0,0,0,0,0,0,0,23.7,0,28.4,0,6.2,31.9
snp_ancestry_summary,340,Africa,Namibia,Ju_hoan_North,0,95.3,3.7,0,0,0,0,0,0,0,0,0,0,0,0,0,0,0,0,0,1
admixture,340,Africa,Namibia,Ju_hoan_North,0.4,93.1,4.7,0,0,0,0,0,0,0,0,0,0,0,0,0,0,0,0,0.6,1.1
snp_ancestry_summary,341,WestEurasia,Italy,Sardinian,0,0,0,1.8,0,0,36.6,0,0,0,0,0,0,61.5,0,0,0,0,0,0,0
admixture,341,WestEurasia,Italy,Sardinian,0,0,0,1.4,0,0,47.6,0,0,0,0,0,0,50.9,0,0,0,0,0,0,0
snp_ancestry_summary,342,Africa,Nigeria,Yoruba,98.2,1.8,0,0,0,0,0,0,0,0,0,0,0,0,0,0,0,0,0,0,0
admixture,342,Africa,Nigeria,Yoruba,95.1,4.9,0,0,0,0,0,0,0,0,0,0,0,0,0,0,0,0,0,0,0
snp_ancestry_summary,343,America,Brazil,Karitiana,0,0,0,0,0,0,0,0,0,0,0,0,0,0,100,0,0,0,0,0,0
admixture,343,America,Brazil,Karitiana,0,0,0,0,0,0,0,0,0,0,0,0,0,0,99.3,0,0,0,0,0.6,0
snp_ancestry_summary,344,America,Mexico,Mixe,0,0,0,0,0,0,0,0,0,0,0,0,0,0,99.4,0,0,0,0,0.6,0
admixture,344,America,Mexico,Mixe,0,0,0,0,0,0,0,0,0,0,0,0,0,0,94.8,0,0,0,0,5.1,0
snp_ancestry_summary,345,Africa,Sudan,Dinka,27.5,41,31.5,0,0,0,0,0,0,0,0,0,0,0,0,0,0,0,0,0,0
admixture,345,Africa,Sudan,Dinka,45.9,33.1,21,0,0,0,0,0,0,0,0,0,0,0,0,0,0,0,0,0,0
